title,firstname,lastname,login,password,expireDate,role,street,city,postalCode
M.,Nicolas,Girard,nicolasgirard,9876543210,2017-06-15T15:05:25.,SALES,7 4th Street,ELKHORN,68022
Mme,Caroline,Durand,carolinedurand,a987654321,2011-12-23T15:59:39.,SALES,14 7th Street,SOUTH RICHMOND HILL,11419
Mme,Marcelle,Durand,marcelledurand,ba98765432,2008-01-04T10:17:05.,SALES, ,,
M.,Nicolas,Bernard,nicolasbernard,cba9876543,2001-10-02T09:40:42.,ENGINEER,12 Church Street,LOTHAIR,59461
M.,Claude,Fournier,claudefournier,dcba987654,2016-06-26T09:15:53.,ENGINEER,2 Valley Street,HAVELOCK,50546
Mme,Aurelie,Mercier,aureliemercier,edcba98765,2012-07-03T11:00:41.,ENGINEER,23 Willow Street,CHALKYITSIK,99788
M.,Patrick,André,patrickandré,fedcba9876,2008-05-02T12:21:04.,ENGINEER,36 6th Street,ASSONET,2702
M.,Jean,Bernard,jeanbernard,gfedcba987,2005-10-11T16:01:02.,TRADER,26 Birch Street,POINTE A LA HACHE,70082
Mme,Audrey,Morel,audreymorel,hgfedcba98,2020-06-25T13:46:49.,ENGINEER,30 4th Street,MONTELLO,89830
M.,Olivier,Thomas,olivierthomas,ihgfedcba9,2000-01-13T08:48:16.,TRADER,50 Willow Street,JUPITER,33478
M.,Franck,Leroy,franckleroy,jihgfedcba,2005-06-01T08:51:58.,SALES,40 Oak Street,RETSIL,98378
Mme,Natalie,Fournier,nataliefournier,kjihgfedcb,2006-12-25T10:30:41.,SALES,8 Oak Street,FOWLER,62338
Mme,Annie,Lefèvre,annielefèvre,lkjihgfedc,2017-04-21T13:30:38.,TRADER,46 7th Street,PARAGOULD,72450
Mme,Margeuerite,Michel,margeueritemichel,mlkjihgfed,2010-11-24T14:32:51.,SALES,4 Laurel Street,ELMWOOD,2337
Mme,Elodie,Petit,elodiepetit,nmlkjihgfe,2001-07-22T13:56:35.,ENGINEER,48 View Street,NORTHPOINT,15763
M.,Laurent,Morel,laurentmorel,onmlkjihgf,2020-06-07T13:21:27.,ENGINEER,36 2nd Street,GODLEY,76044
Mme,Laetitia,Bernard,laetitiabernard,ponmlkjihg,2007-01-09T11:26:10.,SALES, ,,
Mme,Annie,Bernard,anniebernard,qponmlkjih,2005-02-26T11:28:57.,ENGINEER,48 Forest Street,CARPINTERIA,93014
Mme,Dominique,Durand,dominiquedurand,rqponmlkji,2015-11-30T14:33:21.,ENGINEER,29 Spring Street,INDIAN ROCKS BEACH,33785
Mme,Michele,Laurent,michelelaurent,srqponmlkj,2017-08-07T11:27:05.,SALES,1 Sycamore Street,NOTTOWAY,23955
Mme,Genevieve,Martin,genevievemartin,tsrqponmlk,2006-03-09T13:27:02.,ENGINEER,20 Sixth Street,BURKEVILLE,75932
Mme,Jacqueline,Garcia,jacquelinegarcia,utsrqponml,2001-03-21T15:11:58.,ENGINEER,47 Wilson Street,SWANVILLE,56382
Mme,Colette,Roux,coletteroux,vutsrqponm,2000-04-30T08:49:10.,SALES,3 Miller Street,WILBURTON,74578
Mme,Julie,Lefebvre,julielefebvre,wvutsrqpon,2009-03-07T14:38:34.,ENGINEER,41 Sunset Street,LAKE JACKSON,77566
M.,David,Fournier,davidfournier,xwvutsrqpo,2008-06-28T14:38:35.,ENGINEER, ,,
M.,Andre,Leroy,andreleroy,yxwvutsrqp,2010-07-23T12:23:46.,TRADER,7 Wilson Street,PORTERSVILLE,16051
M.,Bruno,Moreau,brunomoreau,zyxwvutsrq,2009-07-10T09:02:11.,TRADER,33 Poplar Street,MYRA,41549
M.,Eric,Petit,ericpetit,_zyxwvutsr,2003-07-11T15:28:26.,ENGINEER,25 Forest Street,NAZARETH,18064
Mme,Christelle,Robert,christellerobert,a_zyxwvuts,2008-06-05T15:21:00.,ENGINEER, ,,
M.,David,Robert,davidrobert,ba_zyxwvut,2012-07-08T12:48:34.,SALES,35 2nd Street,HOCKINGPORT,45739
M.,George,Richard,georgerichard,cba_zyxwvu,2007-08-05T09:39:11.,SALES,12 Highland Street,HAMPSHIRE,60140
Mme,Odette,Robert,odetterobert,dcba_zyxwv,2011-09-20T08:08:38.,ENGINEER,19 Taylor Street,BURNS,97720
M.,Olivier,Bernard,olivierbernard,edcba_zyxw,2016-07-09T09:32:30.,ENGINEER,45 9th Street,FORBES,55738
M.,Jacques,Leroy,jacquesleroy,fedcba_zyx,2009-09-20T12:55:46.,SALES, ,,
M.,Guillaume,André,guillaumeandré,gfedcba_zy,2015-05-12T11:48:57.,ENGINEER,33 Valley Street,WALTHAM,55982
Mme,Denise,Michel,denisemichel,hgfedcba_z,2007-03-06T12:10:55.,ENGINEER,38 11th Street,GROTON,6340
Mme,Martine,Petit,martinepetit,ihgfedcba_,2008-05-21T08:26:17.,SALES,10 River Street,WASHINGTON,5675
Mme,Genevieve,Morel,genevievemorel,jihgfedcba,2015-10-19T08:27:34.,SALES,50 Sycamore Street,SPOTTSWOOD,24475
M.,Jean,André,jeanandré,kjihgfedcb,2017-09-26T08:22:26.,TRADER,12 4th Street,MIDDLE BASS,43446
Mme,Helene,Richard,helenerichard,lkjihgfedc,2009-09-10T13:03:58.,TRADER, ,,
M.,Christian,Bertrand,christianbertrand,mlkjihgfed,2020-10-18T12:14:00.,SALES,5 Willow Street,SALOME,85348
Mme,Florence,Michel,florencemichel,nmlkjihgfe,2003-05-10T09:03:45.,TRADER, ,,
Mme,Helene,Richard,helenerichard0,onmlkjihgf,2015-08-29T13:21:46.,ENGINEER,13 Forest Street,SOUTH BEND,76481
Mme,Helene,Leroy,heleneleroy,ponmlkjihg,2015-12-25T09:29:16.,ENGINEER,42 14th Street,LAPOINT,84039
M.,Claude,Martin,claudemartin,qponmlkjih,2006-01-20T11:56:47.,TRADER,28 Ridge Street,CONROY,52220
M.,Serge,Martin,sergemartin,rqponmlkji,2007-04-02T11:34:36.,SALES,31 10th Street,HURLEY,24620
M.,Gerard,Petit,gerardpetit,srqponmlkj,2016-06-02T10:20:52.,SALES,41 Park Street,NELSON,65347
M.,Stephane,Richard,stephanerichard,tsrqponmlk,2005-06-16T15:17:28.,SALES,36 Lincoln Street,WEST KENNEBUNK,4094
M.,Laurent,Roux,laurentroux,utsrqponml,2000-02-24T12:57:21.,TRADER,5 Park Street,EAST CHICAGO,46312
Mme,Laetitia,Richard,laetitiarichard,vutsrqponm,2010-11-02T16:19:48.,TRADER,1 15th Street,HOPE VALLEY,2832
M.,Sebastien,Mercier,sebastienmercier,wvutsrqpon,2005-12-01T10:45:28.,TRADER,47 Second Street,SEAGRAVES,79359
M.,Joseph,Fournier,josephfournier,xwvutsrqpo,2018-06-26T12:10:32.,SALES,25 Hickory Street,CHESTER,57016
M.,Vincent,Durand,vincentdurand,yxwvutsrqp,2004-03-05T14:10:52.,ENGINEER,2 4th Street,ADEL,97620
M.,Jerome,Roux,jeromeroux,zyxwvutsrq,2002-09-19T10:59:00.,SALES, ,,
Mme,Catherine,Martin,catherinemartin,0zyxwvutsr,2008-02-26T09:23:18.,ENGINEER,34 West Street,WILSONVILLE,69046
M.,Yves,Robert,yvesrobert,10zyxwvuts,2014-04-15T13:13:02.,ENGINEER,40 North Street,IONA,56141
Mme,Denise,Vincent,denisevincent,210zyxwvut,2011-11-16T13:39:53.,SALES,19 Spruce Street,AVINGER,75630
M.,Philippe,Durand,philippedurand,3210zyxwvu,2012-02-14T16:29:15.,ENGINEER,4 North Street,CAMPBELL,56522
M.,Roger,Bertrand,rogerbertrand,43210zyxwv,2019-04-23T08:01:37.,TRADER,40 Mill Street,UNION CITY,45390
M.,Julien,Garcia,juliengarcia,543210zyxw,2002-05-10T15:00:10.,ENGINEER,5 Wilson Street,STANTON,58571
M.,Bruno,Bernard,brunobernard,6543210zyx,2007-04-30T13:33:05.,ENGINEER,44 Washington Street,ROSAMOND,62083
M.,Philippe,Robert,philipperobert,76543210zy,2014-06-29T10:14:40.,SALES,37 Lincoln Street,SUSSEX,53089
M.,Gerard,Bertrand,gerardbertrand,876543210z,2020-11-21T14:23:37.,TRADER,4 Pine Street,BETHESDA,43719
M.,Marc,Fournier,marcfournier,9876543310,2014-05-18T08:40:44.,SALES,18 Jefferson Street,WINSTON,59647
M.,Marc,Lefèvre,marclefèvre,a987654421,2011-04-14T11:56:19.,ENGINEER,24 2nd Street,CULLMAN,35058
Mme,Monique,Girard,moniquegirard,ba98765532,2018-05-29T08:06:06.,TRADER,46 Ridge Street,CAROLINA,26563
Mme,Odette,Vincent,odettevincent,cba9876643,2015-07-31T12:50:35.,ENGINEER, ,,
M.,Christian,Moreau,christianmoreau,dcba987754,2018-01-26T16:28:13.,TRADER,47 Adams Street,RAMPART,99767
M.,Laurent,Bernard,laurentbernard,edcba98865,2007-04-17T15:00:46.,SALES,4 Fourth Street,DALEVILLE,36322
M.,Christophe,Bernard,christophebernard,fedcba9976,2014-03-28T10:10:38.,TRADER, ,,
Mme,Celine,Lefebvre,celinelefebvre,gfedcbaa87,2014-02-20T12:43:06.,SALES,17 5th Street,NIOBE,14758
Mme,Danielle,Martin,daniellemartin,hgfedcbb98,2007-07-26T13:23:52.,ENGINEER,29 South Street,RILEY,66531
M.,Gerard,Thomas,gerardthomas,ihgfedcca9,2014-03-31T11:16:15.,TRADER, ,,
M.,Dominique,Garcia,dominiquegarcia,jihgfeddba,2007-06-02T16:17:09.,ENGINEER,50 6th Street,BROOKFIELD,53045
Mme,Claudine,Laurent,claudinelaurent,kjihgfeecb,2015-01-23T12:45:19.,ENGINEER,15 13th Street,TEAYS,25569
M.,Bernard,Laurent,bernardlaurent,lkjihgffdc,2020-03-07T15:39:41.,SALES,22 Ninth Street,EAST WATERFORD,17021
M.,Marcel,Garcia,marcelgarcia,mlkjihgged,2003-08-18T09:39:51.,SALES,33 11th Street,HOLLAND,49423
Mme,Denise,Garcia,denisegarcia,nmlkjihhfe,2017-11-18T12:38:56.,ENGINEER,49 Fourth Street,THREE LAKES,54562
M.,David,Martin,davidmartin,onmlkjiigf,2006-10-16T11:16:37.,SALES,15 Center Street,MERCER,58559
M.,Pierre,Martin,pierremartin,ponmlkjjhg,2018-05-18T15:58:25.,SALES, ,,
M.,Stephane,Morel,stephanemorel,qponmlkkih,2003-01-11T09:55:22.,SALES, ,,
Mme,Marcelle,Richard,marcellerichard,rqponmllji,2014-05-23T09:11:31.,ENGINEER,11 Franklin Street,HULL,51239
M.,Joseph,Martin,josephmartin,srqponmmkj,2012-08-12T11:44:47.,TRADER, ,,
M.,Nicolas,Michel,nicolasmichel,tsrqponnlk,2007-11-07T12:18:34.,ENGINEER,13 11th Street,BON WIER,75928
Mme,Jacqueline,Michel,jacquelinemichel,utsrqpooml,2011-08-02T16:57:53.,SALES, ,,
M.,Thierry,Bertrand,thierrybertrand,vutsrqppnm,2017-08-16T13:55:43.,ENGINEER,6 River Street,RAYMOND,43067
Mme,Margeuerite,Robert,margeueriterobert,wvutsrqqon,2012-03-01T13:18:48.,SALES,34 Willow Street,SMITH RIVER,95567
Mme,Colette,Martin,colettemartin,xwvutsrrpo,2006-01-18T08:38:45.,SALES,39 Ash Street,CROSBYTON,79322
M.,Bernard,Robert,bernardrobert,yxwvutssqp,2009-08-22T10:43:11.,SALES,25 Highland Street,MILNESAND,88125
Mme,Isabelle,Bernard,isabellebernard,zyxwvuttrq,2003-08-14T11:21:16.,SALES,42 Meadow Street,CHERRYVALE,67335
M.,Andre,Vincent,andrevincent,_zyxwvuusr,2015-07-30T16:50:12.,SALES,32 Main Street,LAKE GENEVA,32160
Mme,Annie,Robert,annierobert,a_zyxwvvts,2014-04-16T09:18:40.,SALES,18 Taylor Street,HILLSBORO,88042
M.,Michel,Durand,micheldurand,ba_zyxwwut,2016-11-12T08:51:24.,TRADER, ,,
Mme,Claudine,Martin,claudinemartin,cba_zyxxvu,2010-05-26T12:53:31.,TRADER,20 Fourth Street,SMITHLAND,42081
Mme,Audrey,Richard,audreyrichard,dcba_zyywv,2005-05-05T11:59:22.,ENGINEER,28 Walnut Street,ROSINE,42370
M.,Guy,Moreau,guymoreau,edcba_zzxw,2007-02-06T13:08:06.,ENGINEER,24 Chestnut Street,FRANCIS CREEK,54214
M.,Vincent,Bernard,vincentbernard,fedcba__yx,2017-05-16T08:37:12.,ENGINEER,41 9th Street,PISGAH,35765
M.,Jerome,Dubois,jeromedubois,gfedcbaazy,2018-09-24T13:13:39.,TRADER, ,,
M.,Sebastien,Robert,sebastienrobert,hgfedcbb_z,2011-04-08T11:01:59.,SALES,48 Park Street,MT BALDY,91759
M.,Laurent,Durand,laurentdurand,ihgfedcca_,2004-11-10T12:53:42.,SALES, ,,
Mme,Annie,Durand,anniedurand,jihgfeddba,2001-11-04T08:55:01.,TRADER,46 Williams Street,ESKO,55733
M.,Jerome,Richard,jeromerichard,kjihgfeecb,2013-02-17T12:52:11.,ENGINEER,22 View Street,AMBLER,99786
Mme,Francoise,Moreau,francoisemoreau,lkjihgffdc,2004-05-04T14:30:28.,SALES,48 Eleventh Street,SUMNER,75486
Mme,Annie,Simon,anniesimon,mlkjihgged,2014-11-14T10:11:22.,TRADER,3 Sunset Street,SHOKAN,12481
Mme,Annie,Martin,anniemartin,nmlkjihhfe,2016-06-27T12:29:54.,SALES,41 Maple Street,GUNNISON,38746
Mme,Martine,Garcia,martinegarcia,onmlkjiigf,2005-06-17T15:13:29.,ENGINEER,13 First Street,ANGOLA,46703
Mme,Denise,André,deniseandré,ponmlkjjhg,2014-08-05T08:10:33.,ENGINEER,10 Hickory Street,WHIPPANY,7981
Mme,Nicole,Martin,nicolemartin,qponmlkkih,2006-10-06T12:49:36.,TRADER, ,,
M.,Christophe,Martin,christophemartin,rqponmllji,2015-09-26T09:48:12.,ENGINEER, ,,
M.,Yves,Moreau,yvesmoreau,srqponmmkj,2003-02-05T10:07:42.,TRADER,39 Miller Street,BERWYN,60402
M.,Paul,Simon,paulsimon,tsrqponnlk,2003-01-16T09:35:57.,TRADER, ,,
M.,Michel,Simon,michelsimon,utsrqpooml,2019-11-30T09:03:07.,ENGINEER, ,,
M.,Marcel,Robert,marcelrobert,vutsrqppnm,2018-06-23T15:08:36.,SALES,39 South Street,MILLBORO,24460
Mme,Audrey,André,audreyandré,wvutsrqqon,2005-02-12T14:13:56.,SALES, ,,
M.,George,Martin,georgemartin,xwvutsrrpo,2004-02-11T11:28:23.,ENGINEER, ,,
M.,Philippe,Leroy,philippeleroy,yxwvutssqp,2017-09-05T09:51:01.,TRADER,44 Main Street,SHENANDOAH,22849
M.,Vincent,Garcia,vincentgarcia,zyxwvuttrq,2005-11-26T08:15:28.,SALES,9 4th Street,WALNUT GROVE,56180
Mme,Jacqueline,Fournier,jacquelinefournier,0zyxwvuusr,2009-12-31T13:16:29.,ENGINEER, ,,
Mme,Caroline,Roux,carolineroux,10zyxwvvts,2007-12-21T12:33:04.,ENGINEER,29 South Street,KNOXVILLE,37929
M.,Thomas,Vincent,thomasvincent,210zyxwwut,2011-04-04T11:33:51.,SALES,25 Railroad Street,SOUTH VIENNA,45369
M.,Alain,Thomas,alainthomas,3210zyxxvu,2008-05-22T10:48:18.,TRADER,47 Maple Street,KEOKUK,52632
Mme,Michele,Bertrand,michelebertrand,43210zyywv,2000-04-29T12:23:49.,ENGINEER,35 Church Street,RAIL ROAD FLAT,95248
Mme,Jeannine,Simon,jeanninesimon,543210zzxw,2014-04-21T09:33:41.,ENGINEER,48 11th Street,MC CAMMON,83250
Mme,Caroline,Vincent,carolinevincent,65432100yx,2013-09-08T10:23:24.,TRADER,38 Park Street,KINSTON,36453
Mme,Claire,Robert,clairerobert,76543211zy,2001-12-13T15:10:40.,ENGINEER,20 Eighth Street,SERGEANT BLUFF,51054
Mme,Natalie,Girard,nataliegirard,876543220z,2020-07-16T14:56:05.,ENGINEER,37 9th Street,FAYETTEVILLE,78940
M.,Nicolas,Garcia,nicolasgarcia,9876543410,2017-10-01T11:27:11.,SALES,37 Center Street,STRASBURG,62465
Mme,Brigitte,Roux,brigitteroux,a987654521,2009-01-15T13:45:34.,SALES, ,,
M.,Christophe,Dubois,christophedubois,ba98765632,2003-10-01T08:37:56.,TRADER,33 Poplar Street,PAMPLICO,29583
Mme,Martine,Lefèvre,martinelefèvre,cba9876743,2007-01-08T10:27:40.,ENGINEER,12 6th Street,ELDENA,61324
M.,Jacques,Michel,jacquesmichel,dcba987854,2015-07-02T15:40:33.,SALES,46 12th Street,HARMONY,2829
M.,Didier,Simon,didiersimon,edcba98965,2019-03-01T14:13:17.,TRADER,43 Fourth Street,ASPERS,17304
Mme,Colette,Durand,colettedurand,fedcba9a76,2008-01-04T16:59:00.,TRADER,43 Oak Street,HONOLULU,96835
Mme,Laetitia,Garcia,laetitiagarcia,gfedcbab87,2012-07-18T15:41:59.,ENGINEER,44 West Street,SHARON,6069
Mme,Aurelie,Fournier,aureliefournier,hgfedcbc98,2018-07-25T14:59:06.,ENGINEER,7 River Street,SCOTT,45886
M.,Rene,Durand,renedurand,ihgfedcda9,2018-05-21T08:01:47.,ENGINEER,4 Hill Street,RIVERSIDE,35135
Mme,Aurelie,Robert,aurelierobert,jihgfedeba,2012-12-29T10:35:34.,SALES,12 Main Street,LOMA,59460
M.,Julien,Bernard,julienbernard,kjihgfefcb,2018-01-15T09:08:12.,SALES,13 Highland Street,MARTINSVILLE,75958
M.,Frederic,Vincent,fredericvincent,lkjihgfgdc,2004-07-09T13:50:00.,TRADER,30 Meadow Street,HARTSEL,80449
M.,Laurent,Bertrand,laurentbertrand,mlkjihghed,2008-11-16T11:25:16.,SALES,24 Sixth Street,PISGAH,35765
M.,Michel,David,micheldavid,nmlkjihife,2012-10-25T12:29:12.,SALES,30 15th Street,CHILLICOTHE,79225
Mme,Florence,Girard,florencegirard,onmlkjijgf,2020-03-31T13:49:44.,TRADER,32 Franklin Street,PORT KENT,12975
Mme,Monique,Thomas,moniquethomas,ponmlkjkhg,2007-08-30T12:05:53.,ENGINEER,15 Forest Street,ORIENT,4471
Mme,Catherine,Lefèvre,catherinelefèvre,qponmlklih,2001-12-05T10:57:00.,SALES, ,,
M.,Jerome,Martin,jeromemartin,rqponmlmji,2001-09-09T11:22:10.,SALES, ,,
Mme,Helene,David,helenedavid,srqponmnkj,2004-09-09T16:45:50.,SALES,16 Lee Street,LAKEVIEW,48850
M.,Jacques,Lefebvre,jacqueslefebvre,tsrqponolk,2015-04-15T14:02:11.,SALES,23 Cedar Street,BUMPASS,23024
M.,Henri,Moreau,henrimoreau,utsrqpopml,2016-05-11T10:52:49.,TRADER, ,,
M.,Dominique,David,dominiquedavid,vutsrqpqnm,2018-07-15T08:09:01.,SALES, ,,
M.,Christian,Moreau,christianmoreau0,wvutsrqron,2011-05-05T11:59:49.,TRADER,13 View Street,LYME CENTER,3769
Mme,Colette,Morel,colettemorel,xwvutsrspo,2001-03-13T14:16:59.,TRADER,36 Church Street,BURLINGTON,82411
Mme,Martine,Dubois,martinedubois,yxwvutstqp,2014-08-16T14:34:35.,SALES,43 Main Street,HARTFORD,53027
M.,Philippe,Lefebvre,philippelefebvre,zyxwvuturq,2017-06-11T12:21:22.,TRADER,46 Cherry Street,WILLIAMSBURG,47393
Mme,Denise,Petit,denisepetit,_zyxwvuvsr,2018-03-13T09:22:43.,TRADER,1 7th Street,BURNSVILLE,55306
M.,Philippe,Leroy,philippeleroy0,a_zyxwvwts,2003-08-20T09:11:56.,TRADER,34 Ash Street,SPARKS,31647
M.,Stephane,Robert,stephanerobert,ba_zyxwxut,2009-09-14T16:24:24.,ENGINEER,47 Hillcrest Street,MANCHESTER,56064
Mme,Marcelle,Mercier,marcellemercier,cba_zyxyvu,2017-12-21T14:40:04.,SALES,21 Lincoln Street,HORNBEAK,38232
M.,Marcel,Laurent,marcellaurent,dcba_zyzwv,2019-04-14T11:42:28.,TRADER,9 Lake Street,KINGSTON,53939
Mme,Brigitte,Morel,brigittemorel,edcba_z_xw,2012-01-21T13:08:48.,TRADER,28 Main Street,HARRISONVILLE,17228
Mme,Jeannine,Martin,jeanninemartin,fedcba_ayx,2011-11-09T12:24:10.,ENGINEER,7 Sixth Street,NORCROSS,56274
Mme,Renee,Petit,reneepetit,gfedcbabzy,2013-04-25T12:33:21.,TRADER,24 Railroad Street,NEW CANTON,23123
M.,Francois,Morel,francoismorel,hgfedcbc_z,2017-03-07T16:56:55.,SALES, ,,
M.,Franck,Martin,franckmartin,ihgfedcda_,2011-04-12T12:52:49.,TRADER,1 15th Street,SITKA,99835
M.,Franck,André,franckandré,jihgfedeba,2007-06-29T14:52:32.,ENGINEER, ,,
Mme,Francoise,Lefèvre,francoiselefèvre,kjihgfefcb,2004-07-29T13:58:41.,SALES,50 Ninth Street,NORMAN,28367
Mme,Odette,Richard,odetterichard,lkjihgfgdc,2002-09-02T15:16:55.,TRADER,17 South Street,VALLECITO,95251
Mme,Christelle,Garcia,christellegarcia,mlkjihghed,2017-05-14T13:19:37.,SALES,25 College Street,CORONA,57227
M.,Alexandre,Michel,alexandremichel,nmlkjihife,2007-07-24T15:41:04.,TRADER,2 Cherry Street,TRAPPER CREEK,99683
M.,Michel,Lefebvre,michellefebvre,onmlkjijgf,2013-10-05T13:13:13.,ENGINEER,31 Forest Street,LEBANON,53047
Mme,Claudine,Moreau,claudinemoreau,ponmlkjkhg,2008-06-26T12:28:22.,SALES, ,,
Mme,Francoise,David,francoisedavid,qponmlklih,2015-10-27T14:37:00.,TRADER,35 14th Street,ORR,55771
M.,Louis,Girard,louisgirard,rqponmlmji,2002-02-01T16:42:39.,TRADER,47 Dogwood Street,SALIDA,95368
M.,Alain,Martin,alainmartin,srqponmnkj,2010-09-19T10:08:08.,SALES, ,,
M.,Pascal,Fournier,pascalfournier,tsrqponolk,2010-07-30T10:35:42.,SALES, ,,
Mme,Denise,Laurent,deniselaurent,utsrqpopml,2009-04-01T14:48:12.,TRADER,3 Seventh Street,KEAVY,40737
Mme,Florence,Lefèvre,florencelefèvre,vutsrqpqnm,2016-10-12T11:13:01.,SALES,38 Railroad Street,GRANBY,5840
M.,Jacques,Thomas,jacquesthomas,wvutsrqron,2010-07-19T16:19:33.,ENGINEER,21 1st Street,MAGNOLIA,39652
Mme,Christine,Fournier,christinefournier,xwvutsrspo,2019-07-18T14:52:31.,TRADER,11 Cedar Street,MOUNT GAY,25637
M.,Philippe,Simon,philippesimon,yxwvutstqp,2008-06-23T16:53:15.,TRADER,23 11th Street,CASTELL,76831
M.,Paul,Thomas,paulthomas,zyxwvuturq,2010-05-13T13:04:33.,TRADER,45 Fifth Street,BLACK RIVER FALLS,54615
Mme,Celine,Petit,celinepetit,0zyxwvuvsr,2006-02-15T13:58:34.,TRADER,43 Chestnut Street,LELAND,60531
M.,Nicolas,Thomas,nicolasthomas,10zyxwvwts,2012-09-19T15:35:20.,TRADER, ,,
M.,Christian,Petit,christianpetit,210zyxwxut,2003-12-10T08:05:19.,SALES,13 Meadow Street,SUMMERLAND,93067
M.,Julien,Lefèvre,julienlefèvre,3210zyxyvu,2016-05-14T11:32:16.,SALES,40 Williams Street,RUSSELL,56169
Mme,Natalie,Morel,nataliemorel,43210zyzwv,2001-11-02T15:32:38.,TRADER,29 Davis Street,ONSET,2558
Mme,Corinne,Thomas,corinnethomas,543210z0xw,2014-11-07T10:16:43.,TRADER, ,,
Mme,Andree,Martin,andreemartin,65432101yx,2001-05-31T12:38:34.,ENGINEER,8 Main Street,CICERO,46034
Mme,Emilie,Martin,emiliemartin,76543212zy,2014-03-19T14:54:50.,ENGINEER,4 Elm Street,HOWARD LAKE,55575
Mme,Denise,Simon,denisesimon,876543230z,2008-09-01T16:02:00.,TRADER,33 5th Street,DELPHIA,41735
M.,Jean-Pierre,Leroy,jean-pierreleroy,9876543510,2010-03-15T10:44:16.,SALES,13 10th Street,GRENADA,38901
Mme,Isabelle,Petit,isabellepetit,a987654621,2003-02-11T10:02:22.,TRADER, ,,
Mme,Jeanne,Moreau,jeannemoreau,ba98765732,2020-11-30T15:45:37.,SALES, ,,
Mme,Helene,Dubois,helenedubois,cba9876843,2000-10-29T13:52:11.,SALES,21 9th Street,CLE ELUM,98922
M.,Christophe,Lefebvre,christophelefebvre,dcba987954,2002-04-20T09:12:26.,TRADER,37 Elm Street,ROCK CAVE,26234
M.,Frederic,Martin,fredericmartin,edcba98a65,2020-01-11T09:38:09.,TRADER,48 Green Street,SILERTON,38377
M.,Paul,Richard,paulrichard,fedcba9b76,2007-08-12T13:22:51.,ENGINEER, ,,
Mme,Dominique,Lefèvre,dominiquelefèvre,gfedcbac87,2019-03-26T13:23:56.,SALES,6 3rd Street,PEAK,29122
Mme,Jeannine,Martin,jeanninemartin0,hgfedcbd98,2014-05-13T12:06:03.,ENGINEER, ,,
Mme,Christine,Thomas,christinethomas,ihgfedcea9,2000-03-16T16:04:03.,TRADER,27 Pine Street,POTTSVILLE,72858
Mme,Denise,Martin,denisemartin,jihgfedfba,2013-01-25T08:59:51.,ENGINEER,21 Sunset Street,GREENVILLE,45331
M.,Franck,André,franckandré0,kjihgfegcb,2019-02-16T08:10:01.,TRADER, ,,
M.,Robert,Garcia,robertgarcia,lkjihgfhdc,2006-11-07T14:07:47.,ENGINEER,25 Third Street,COY,72037
Mme,Danielle,Mercier,daniellemercier,mlkjihgied,2000-05-05T09:12:38.,ENGINEER, ,,
Mme,Elisabeth,Simon,elisabethsimon,nmlkjihjfe,2009-09-23T15:49:36.,TRADER, ,,
Mme,Monique,Durand,moniquedurand,onmlkjikgf,2006-07-30T11:59:30.,SALES,4 Wilson Street,ASHBY,56309
M.,Francois,Roux,francoisroux,ponmlkjlhg,2002-05-12T13:09:51.,ENGINEER,5 Park Street,MODENA,12548
Mme,Natalie,Lefebvre,natalielefebvre,qponmlkmih,2016-10-31T13:00:05.,TRADER,50 Willow Street,BIDDLE,59314
Mme,Christelle,Vincent,christellevincent,rqponmlnji,2016-04-02T10:08:40.,TRADER,17 Dogwood Street,TALLAHASSEE,32306
Mme,Michele,Martin,michelemartin,srqponmokj,2017-12-31T16:56:31.,SALES,25 Ridge Street,GLENCOE,63038
M.,Claude,Petit,claudepetit,tsrqponplk,2008-08-15T14:38:38.,ENGINEER,11 Meadow Street,TIERRA AMARILLA,87575
M.,Pierre,Durand,pierredurand,utsrqpoqml,2016-01-24T15:39:49.,ENGINEER,20 3rd Street,BRYANTSVILLE,40410
M.,Gerard,Laurent,gerardlaurent,vutsrqprnm,2007-09-10T08:28:47.,TRADER,44 Park Street,TALLADEGA,35161
Mme,Claire,Durand,clairedurand,wvutsrqson,2011-07-24T10:21:16.,TRADER,2 3rd Street,WESTPORT,2790
Mme,Josette,André,josetteandré,xwvutsrtpo,2001-02-03T16:59:01.,ENGINEER,20 Lake Street,FOREMAN,71836
M.,Maurice,Lefèvre,mauricelefèvre,yxwvutsuqp,2001-11-01T13:53:43.,ENGINEER, ,,
M.,Thierry,Fournier,thierryfournier,zyxwvutvrq,2013-11-10T09:10:36.,ENGINEER,36 Spruce Street,TEEDS GROVE,52771
Mme,Caroline,Mercier,carolinemercier,_zyxwvuwsr,2011-03-12T09:52:12.,ENGINEER, ,,
M.,George,Martin,georgemartin0,a_zyxwvxts,2002-11-14T09:28:42.,TRADER,30 Lee Street,ROUND ROCK,78664
Mme,Renee,Durand,reneedurand,ba_zyxwyut,2015-08-02T12:20:03.,SALES, ,,
M.,Louis,Robert,louisrobert,cba_zyxzvu,2007-08-15T14:31:30.,TRADER,20 Elm Street,HAGARVILLE,72839
Mme,Denise,Durand,denisedurand,dcba_zy_wv,2007-02-21T11:24:16.,ENGINEER,9 9th Street,LOCO HILLS,88255
Mme,Marie,Martin,mariemartin,edcba_zaxw,2014-09-26T15:01:40.,TRADER,13 Central Street,JORDAN VALLEY,97910
Mme,Renee,Dubois,reneedubois,fedcba_byx,2018-05-17T09:17:51.,TRADER,46 West Street,SOMERSET,46984
M.,Laurent,Michel,laurentmichel,gfedcbaczy,2005-09-13T16:02:52.,ENGINEER,47 7th Street,DEARY,83823
Mme,Elisabeth,Leroy,elisabethleroy,hgfedcbd_z,2011-11-10T12:12:05.,TRADER,48 1st Street,SHELBURN,47879
M.,Joseph,Morel,josephmorel,ihgfedcea_,2017-01-09T11:09:59.,SALES,48 15th Street,SAMARIA,48177
M.,Alain,David,alaindavid,jihgfedfba,2002-05-25T11:04:09.,SALES,50 Park Street,DELMONT,8314
Mme,Jeanne,Mercier,jeannemercier,kjihgfegcb,2017-02-15T14:10:50.,TRADER,44 2nd Street,MIDWAY,40347
Mme,Emilie,Petit,emiliepetit,lkjihgfhdc,2014-02-16T12:19:47.,SALES,15 Jackson Street,HAMPTON,32044
Mme,Martine,Leroy,martineleroy,mlkjihgied,2011-10-09T11:09:58.,ENGINEER,8 Spruce Street,CHISHOLM,55719
M.,Paul,Laurent,paullaurent,nmlkjihjfe,2001-06-22T08:26:09.,ENGINEER,14 Walnut Street,RINGTOWN,17967
M.,Thomas,Martin,thomasmartin,onmlkjikgf,2013-01-12T14:28:02.,SALES,6 Cedar Street,STATE LINE,17263
M.,Eric,Lefèvre,ericlefèvre,ponmlkjlhg,2005-04-05T12:01:33.,ENGINEER,45 First Street,TOWER,49792
M.,Jean,Thomas,jeanthomas,qponmlkmih,2018-02-13T15:52:25.,SALES,35 North Street,BATAVIA,14020
Mme,Annie,Morel,anniemorel,rqponmlnji,2017-12-21T14:31:30.,TRADER, ,,
Mme,Laetitia,Lefebvre,laetitialefebvre,srqponmokj,2013-09-04T15:10:02.,SALES,32 9th Street,FOREST HOME,36030
Mme,Paulette,Robert,pauletterobert,tsrqponplk,2014-12-18T13:53:59.,TRADER,3 Laurel Street,BASKING RIDGE,7920
Mme,Martine,Moreau,martinemoreau,utsrqpoqml,2003-09-14T12:36:32.,TRADER,41 Taylor Street,SANATORIUM,39112
M.,Gerard,Robert,gerardrobert,vutsrqprnm,2000-10-31T09:37:30.,ENGINEER,42 Adams Street,TRIPP,57376
Mme,Elisabeth,Michel,elisabethmichel,wvutsrqson,2008-04-23T13:05:23.,SALES,43 Main Street,ALLEMAN,50007
M.,Thomas,Bertrand,thomasbertrand,xwvutsrtpo,2016-04-06T09:42:21.,SALES,37 Smith Street,COLBERT,99005
Mme,Aurelie,Moreau,aureliemoreau,yxwvutsuqp,2020-05-31T09:22:49.,ENGINEER,22 View Street,TROY,27371
Mme,Isabelle,Vincent,isabellevincent,zyxwvutvrq,2000-10-26T08:30:02.,SALES, ,,
M.,Alexandre,Richard,alexandrerichard,0zyxwvuwsr,2015-03-21T16:27:55.,TRADER, ,,
M.,Christian,Robert,christianrobert,10zyxwvxts,2003-05-21T13:07:39.,SALES,40 Valley Street,VEEDERSBURG,47987
Mme,Cecile,Bertrand,cecilebertrand,210zyxwyut,2016-08-30T12:51:58.,SALES,44 Jackson Street,RIPLEY,45167
M.,Sebastien,Fournier,sebastienfournier,3210zyxzvu,2017-08-25T15:09:30.,TRADER,31 Cedar Street,TROY,16947
Mme,Marcelle,David,marcelledavid,43210zy0wv,2016-02-07T09:48:51.,ENGINEER,34 Oak Street,BELLVUE,80512
Mme,Cecile,Simon,cecilesimon,543210z1xw,2014-08-01T11:16:10.,SALES,44 South Street,SEAFORTH,56287
Mme,Catherine,Bertrand,catherinebertrand,65432102yx,2006-11-05T12:16:24.,SALES,46 Ridge Street,COLBERT,30628
Mme,Andree,Mercier,andreemercier,76543213zy,2007-10-01T10:35:31.,SALES, ,,
M.,Yves,Laurent,yveslaurent,876543240z,2019-08-08T09:16:19.,ENGINEER, ,,
Mme,Laetitia,Lefèvre,laetitialefèvre,9876543610,2014-10-20T10:05:49.,SALES, ,,
Mme,Margeuerite,Moreau,margeueritemoreau,a987654721,2012-01-28T16:37:48.,ENGINEER, ,,
M.,Guillaume,Dubois,guillaumedubois,ba98765832,2018-09-01T12:01:07.,TRADER,38 Mill Street,SMITHLAND,42081
M.,Guy,Dubois,guydubois,cba9876943,2009-12-19T15:15:06.,SALES,41 2nd Street,GARDEN CITY,50102
M.,Olivier,Simon,oliviersimon,dcba987a54,2017-01-19T15:14:00.,TRADER,2 Oak Street,BEDFORD,76095
M.,Christophe,Fournier,christophefournier,edcba98b65,2009-06-01T08:51:37.,SALES,19 Taylor Street,FORT IRWIN,92310
M.,Maurice,Richard,mauricerichard,fedcba9c76,2013-03-17T13:47:33.,TRADER,39 Pine Street,WEST POINT,39773
M.,David,Laurent,davidlaurent,gfedcbad87,2002-09-06T08:30:43.,SALES, ,,
Mme,Andree,Roux,andreeroux,hgfedcbe98,2020-12-29T11:17:01.,TRADER,47 10th Street,CEDAR RAPIDS,68627
Mme,Madeleine,Lefebvre,madeleinelefebvre,ihgfedcfa9,2010-11-23T10:19:25.,TRADER,24 Cedar Street,BRADLEY,4411
M.,Roger,Thomas,rogerthomas,jihgfedgba,2014-01-27T13:51:13.,SALES,19 Hillcrest Street,QUINN,57775
Mme,Natalie,Bertrand,nataliebertrand,kjihgfehcb,2000-11-07T14:35:26.,TRADER,14 Jefferson Street,PORT SANILAC,48469
Mme,Claire,Martin,clairemartin,lkjihgfidc,2009-02-21T09:32:44.,SALES,5 Woodland Street,GRANDVILLE,49468
M.,Andre,Morel,andremorel,mlkjihgjed,2010-07-20T09:26:18.,ENGINEER, ,,
Mme,Jacqueline,Garcia,jacquelinegarcia0,nmlkjihkfe,2015-07-05T12:51:58.,TRADER,31 Green Street,GROUSE CREEK,84313
Mme,Nicole,Richard,nicolerichard,onmlkjilgf,2020-04-13T11:56:33.,ENGINEER,22 Central Street,SHATTUCK,73858
Mme,Natalie,Leroy,natalieleroy,ponmlkjmhg,2005-09-21T15:30:49.,ENGINEER,25 Poplar Street,SPROTT,36779
Mme,Margeuerite,Fournier,margeueritefournier,qponmlknih,2014-02-22T13:48:26.,TRADER, ,,
Mme,Cecile,Roux,cecileroux,rqponmloji,2018-09-27T16:15:10.,TRADER,29 9th Street,FOND DU LAC,54936
M.,Sebastien,Garcia,sebastiengarcia,srqponmpkj,2010-08-22T13:51:38.,TRADER,41 Mill Street,SMELTERVILLE,83868
Mme,Julie,Lefèvre,julielefèvre,tsrqponqlk,2012-08-13T09:10:11.,SALES,26 13th Street,DORCHESTER,54425
Mme,Cecile,Richard,cecilerichard,utsrqporml,2005-01-19T14:27:23.,TRADER, ,,
Mme,Aurelie,Richard,aurelierichard,vutsrqpsnm,2006-02-11T14:04:01.,ENGINEER,30 1st Street,NEWPORT,3773
Mme,Laetitia,Robert,laetitiarobert,wvutsrqton,2009-02-26T09:53:40.,TRADER,4 Cedar Street,PALMER,721
Mme,Elisabeth,Petit,elisabethpetit,xwvutsrupo,2002-08-26T10:22:45.,ENGINEER,19 Second Street,HIGBEE,65257
Mme,Claudine,Michel,claudinemichel,yxwvutsvqp,2016-11-27T14:22:55.,ENGINEER,21 8th Street,WORTHINGTON,56187
M.,Marcel,Michel,marcelmichel,zyxwvutwrq,2014-06-24T12:03:20.,TRADER, ,,
M.,Pierre,Bertrand,pierrebertrand,_zyxwvuxsr,2000-11-18T10:55:27.,TRADER,40 Meadow Street,BURLINGTON,18814
M.,Patrick,Leroy,patrickleroy,a_zyxwvyts,2001-02-07T08:40:33.,ENGINEER, ,,
M.,Daniel,Bernard,danielbernard,ba_zyxwzut,2010-11-20T09:41:20.,ENGINEER,44 Main Street,JERRY CITY,43437
M.,Thomas,David,thomasdavid,cba_zyx_vu,2010-12-14T13:56:06.,TRADER,41 Lake Street,RANDOLPH,5060
M.,Eric,Vincent,ericvincent,dcba_zyawv,2006-11-01T12:54:06.,ENGINEER,38 Second Street,LAKE CHARLES,70616
M.,Pierre,Lefèvre,pierrelefèvre,edcba_zbxw,2010-02-11T10:57:49.,TRADER,10 2nd Street,PRIOR LAKE,55372
Mme,Catherine,Petit,catherinepetit,fedcba_cyx,2009-11-01T11:07:02.,SALES, ,,
Mme,Anne,Martin,annemartin,gfedcbadzy,2020-06-19T09:11:55.,SALES,16 Ash Street,POPLARVILLE,39470
M.,Marc,Bernard,marcbernard,hgfedcbe_z,2000-08-19T13:47:54.,SALES,20 Highland Street,ROCKY COMFORT,64861
Mme,Francoise,Bertrand,francoisebertrand,ihgfedcfa_,2015-06-23T14:47:36.,TRADER,23 Williams Street,LULING,78648
M.,Yves,Richard,yvesrichard,jihgfedgba,2015-10-10T11:43:27.,SALES,27 Lakeview Street,BROADUS,59317
Mme,Florence,Petit,florencepetit,kjihgfehcb,2013-12-24T16:27:42.,TRADER,10 9th Street,DENNISON,44621
M.,Jean-Pierre,David,jean-pierredavid,lkjihgfidc,2017-12-27T13:28:33.,SALES,20 Spring Street,OZONA,76943
Mme,Andree,Leroy,andreeleroy,mlkjihgjed,2013-04-11T09:32:29.,ENGINEER, ,,
M.,Robert,Martin,robertmartin,nmlkjihkfe,2018-03-15T16:26:08.,TRADER,47 Hill Street,MILLERS CREEK,28651
M.,Claude,Michel,claudemichel,onmlkjilgf,2006-10-11T09:13:43.,ENGINEER,34 Center Street,CENTERTOWN,65023
M.,Yves,Robert,yvesrobert0,ponmlkjmhg,2012-08-24T12:56:48.,ENGINEER,13 Park Street,CAMBRIDGE SPRINGS,16403
Mme,Annie,Girard,anniegirard,qponmlknih,2000-05-28T13:53:03.,ENGINEER,27 4th Street,HARRODSBURG,47434
M.,Nicolas,Laurent,nicolaslaurent,rqponmloji,2014-11-03T14:38:16.,TRADER, ,,
Mme,Nicole,Girard,nicolegirard,srqponmpkj,2015-05-23T16:48:59.,ENGINEER,42 Sunset Street,RHODELL,25915
M.,Marc,Michel,marcmichel,tsrqponqlk,2013-09-01T14:38:47.,TRADER,25 Fifth Street,BULLS GAP,37711
Mme,Christine,Moreau,christinemoreau,utsrqporml,2015-10-04T13:39:46.,TRADER,35 Locust Street,HOLLADAY,38341
M.,Laurent,Martin,laurentmartin,vutsrqpsnm,2007-02-21T16:29:48.,ENGINEER,25 College Street,SOUTH EL MONTE,91733
Mme,Christiane,Dubois,christianedubois,wvutsrqton,2017-01-28T10:31:34.,ENGINEER,44 Cherry Street,PARTHENON,72666
Mme,Cecile,Morel,cecilemorel,xwvutsrupo,2006-01-23T11:34:52.,ENGINEER,40 West Street,RANSOM,18653
Mme,Dominique,Michel,dominiquemichel,yxwvutsvqp,2010-05-03T16:04:32.,SALES,36 Madison Street,KENNARD,47351
Mme,Emilie,Moreau,emiliemoreau,zyxwvutwrq,2007-01-25T16:26:57.,SALES, ,,
Mme,Caroline,Robert,carolinerobert,0zyxwvuxsr,2013-02-17T13:24:31.,TRADER,38 West Street,KLAWOCK,99925
M.,Guillaume,Durand,guillaumedurand,10zyxwvyts,2014-11-01T11:46:58.,SALES,31 View Street,BLACK HAWK,80422
Mme,Marie,Laurent,marielaurent,210zyxwzut,2000-09-22T12:15:39.,ENGINEER,23 Elm Street,PANTHER BURN,38765
M.,Sebastien,Lefèvre,sebastienlefèvre,3210zyx0vu,2020-06-24T15:02:44.,ENGINEER,5 Taylor Street,LEADVILLE,80461
Mme,Annie,Petit,anniepetit,43210zy1wv,2011-06-17T10:36:23.,TRADER,29 Main Street,TERRY,59349
Mme,Brigitte,Robert,brigitterobert,543210z2xw,2009-02-24T11:39:29.,TRADER, ,,
M.,Louis,Martin,louismartin,65432103yx,2000-04-11T15:57:22.,TRADER,8 Smith Street,BLACKFOOT,83221
Mme,Paulette,Petit,paulettepetit,76543214zy,2003-09-03T10:03:19.,ENGINEER,29 Lake Street,DYER,46311
Mme,Anne,Garcia,annegarcia,876543250z,2019-05-13T09:38:58.,TRADER,17 Dogwood Street,REDGRANITE,54970
Mme,Madeleine,Thomas,madeleinethomas,9876543710,2019-01-07T15:26:55.,ENGINEER,28 College Street,SELTZER,17974
M.,Roger,Martin,rogermartin,a987654821,2007-05-08T16:05:40.,ENGINEER,20 Main Street,DUNLEVY,15432
M.,Francois,Leroy,francoisleroy,ba98765932,2007-08-17T08:11:58.,ENGINEER,41 6th Street,NIXA,65714
Mme,Paulette,Richard,pauletterichard,cba9876a43,2007-01-15T08:16:41.,TRADER,13 Lincoln Street,LONG MOTT,77972
M.,Francois,Michel,francoismichel,dcba987b54,2009-10-15T12:50:05.,TRADER,35 Highland Street,SOLEDAD,93960
Mme,Andree,Simon,andreesimon,edcba98c65,2014-05-16T10:27:24.,TRADER,32 Williams Street,FAIRFIELD,32634
Mme,Odette,Martin,odettemartin,fedcba9d76,2018-10-25T11:43:17.,ENGINEER,39 Washington Street,NEY,43549
M.,Stephane,Fournier,stephanefournier,gfedcbae87,2011-02-13T11:48:52.,TRADER,42 Third Street,BLANDBURG,16619
M.,Guillaume,Thomas,guillaumethomas,hgfedcbf98,2004-12-20T12:21:29.,TRADER,23 Williams Street,PINELLAS PARK,33781
Mme,Catherine,André,catherineandré,ihgfedcga9,2020-12-06T16:45:12.,TRADER,12 Franklin Street,EASTVILLE,23347
M.,Thierry,Martin,thierrymartin,jihgfedhba,2012-02-27T16:59:06.,ENGINEER, ,,
Mme,Laetitia,Roux,laetitiaroux,kjihgfeicb,2013-09-27T15:40:52.,ENGINEER, ,,
M.,Jean,Morel,jeanmorel,lkjihgfjdc,2008-11-11T13:06:06.,TRADER,46 11th Street,HIGHFALLS,27259
Mme,Laetitia,Morel,laetitiamorel,mlkjihgked,2006-04-03T14:04:53.,ENGINEER,30 Lee Street,WILLIAMSVILLE,24487
M.,Gerard,Richard,gerardrichard,nmlkjihlfe,2019-07-17T15:12:44.,ENGINEER,14 11th Street,MOUNT PLEASANT,48858
M.,Guillaume,Bernard,guillaumebernard,onmlkjimgf,2008-09-26T08:32:30.,ENGINEER,18 3rd Street,ROUSES POINT,12979
Mme,Andree,Lefebvre,andreelefebvre,ponmlkjnhg,2020-03-27T13:59:30.,ENGINEER,4 River Street,BRADFORD,2808
Mme,Claudine,David,claudinedavid,qponmlkoih,2007-05-05T13:59:27.,SALES,4 Jackson Street,THENDARA,13472
M.,Dominique,Bertrand,dominiquebertrand,rqponmlpji,2017-09-22T09:19:59.,SALES,25 Cherry Street,GRANITE BAY,95746
M.,Didier,Martin,didiermartin,srqponmqkj,2017-10-22T09:20:52.,TRADER, ,,
M.,Jacques,Petit,jacquespetit,tsrqponrlk,2020-03-31T16:49:39.,SALES,24 Willow Street,HENRYVILLE,18332
Mme,Catherine,Girard,catherinegirard,utsrqposml,2014-03-20T12:16:24.,SALES,2 Oak Street,NEW BLOOMINGTON,43341
Mme,Jacqueline,Martin,jacquelinemartin,vutsrqptnm,2012-03-06T16:23:42.,ENGINEER,41 Lincoln Street,CRAIG,99921
M.,Jean-Pierre,Durand,jean-pierredurand,wvutsrquon,2016-12-09T16:40:04.,SALES, ,,
Mme,Emilie,Bernard,emiliebernard,xwvutsrvpo,2013-06-04T09:09:48.,TRADER,15 6th Street,IRWINVILLE,31760
Mme,Isabelle,Vincent,isabellevincent0,yxwvutswqp,2008-09-15T14:30:48.,SALES,18 Walnut Street,MOUNT HOREB,53572
Mme,Michele,Girard,michelegirard,zyxwvutxrq,2011-05-08T12:53:01.,SALES, ,,
Mme,Marie,Mercier,mariemercier,_zyxwvuysr,2011-05-12T09:15:30.,TRADER, ,,
M.,Franck,Robert,franckrobert,a_zyxwvzts,2002-12-05T10:04:30.,TRADER, ,,
M.,Bernard,Richard,bernardrichard,ba_zyxw_ut,2007-01-07T12:54:11.,ENGINEER,17 Sunset Street,FOSSIL,97830
M.,Roger,Leroy,rogerleroy,cba_zyxavu,2012-01-29T09:32:06.,ENGINEER,44 Oak Street,TITUSVILLE,16354
Mme,Christelle,Lefebvre,christellelefebvre,dcba_zybwv,2003-09-10T16:45:25.,ENGINEER,4 Main Street,JEFFERSON CITY,65102
M.,Marcel,Martin,marcelmartin,edcba_zcxw,2016-12-09T14:50:56.,SALES,47 15th Street,TAFTON,18464
M.,Daniel,Morel,danielmorel,fedcba_dyx,2013-08-04T08:03:57.,ENGINEER,19 Pine Street,NORTH LITTLE ROCK,72115
M.,Christophe,Leroy,christopheleroy,gfedcbaezy,2003-07-30T08:48:21.,ENGINEER, ,,
Mme,Colette,Bernard,colettebernard,hgfedcbf_z,2004-07-20T11:19:34.,ENGINEER, ,,
M.,Laurent,Fournier,laurentfournier,ihgfedcga_,2005-11-27T08:47:46.,SALES,49 Fourth Street,VIENNA,62995
M.,Bernard,Michel,bernardmichel,jihgfedhba,2017-07-23T12:39:50.,SALES,6 2nd Street,CHARLES CITY,50616
Mme,Corinne,Richard,corinnerichard,kjihgfeicb,2014-10-29T10:10:34.,SALES,20 Central Street,GARRISON,10524
Mme,Elisabeth,Dubois,elisabethdubois,lkjihgfjdc,2002-12-04T13:53:24.,ENGINEER,45 7th Street,SHERIDAN,72150
Mme,Catherine,Mercier,catherinemercier,mlkjihgked,2005-05-17T14:18:11.,TRADER,25 Ridge Street,ROOSEVELT,85545
M.,Guillaume,Leroy,guillaumeleroy,nmlkjihlfe,2011-01-13T10:46:37.,ENGINEER,8 Broadway Street,NOTTINGHAM,3290
M.,Christophe,David,christophedavid,onmlkjimgf,2020-08-31T10:18:17.,SALES, ,,
M.,Daniel,Lefebvre,daniellefebvre,ponmlkjnhg,2019-01-12T10:52:12.,TRADER,3 13th Street,ARTHURDALE,26520
Mme,Audrey,Lefebvre,audreylefebvre,qponmlkoih,2003-11-22T11:38:05.,TRADER,36 Mill Street,BARNEY,31625
M.,Franck,Morel,franckmorel,rqponmlpji,2003-03-18T08:19:46.,SALES,32 Meadow Street,SAN AUGUSTINE,75972
M.,Eric,Moreau,ericmoreau,srqponmqkj,2000-04-09T10:36:39.,ENGINEER,25 Park Street,LAKE GEORGE,56458
M.,Claude,Lefebvre,claudelefebvre,tsrqponrlk,2007-06-18T13:59:47.,TRADER,16 Willow Street,ROOSEVELT ROADS,742
Mme,Denise,Dubois,denisedubois,utsrqposml,2012-05-31T12:25:50.,SALES,15 Smith Street,LEAKESVILLE,39451
Mme,Christiane,Garcia,christianegarcia,vutsrqptnm,2014-12-28T15:22:36.,ENGINEER,43 9th Street,SUMMERFIELD,62289
M.,Bruno,Richard,brunorichard,wvutsrquon,2002-06-18T09:43:08.,TRADER,25 Sunset Street,MONARCH,59463
Mme,Josette,Thomas,josettethomas,xwvutsrvpo,2007-10-14T16:33:32.,TRADER,21 Green Street,NICHOLS,33863
M.,Joseph,Moreau,josephmoreau,yxwvutswqp,2014-10-30T13:48:16.,TRADER,17 Second Street,HERMANN,65041
M.,Jean,David,jeandavid,zyxwvutxrq,2011-11-08T09:06:50.,SALES,3 Church Street,OAK HARBOR,98277
Mme,Danielle,Bertrand,daniellebertrand,0zyxwvuysr,2000-03-25T10:06:00.,TRADER, ,,
Mme,Brigitte,Simon,brigittesimon,10zyxwvzts,2004-08-22T15:08:53.,TRADER,38 Taylor Street,ALNA,4535
M.,Joseph,Robert,josephrobert,210zyxw0ut,2002-07-12T13:01:55.,ENGINEER, ,,
Mme,Andree,Thomas,andreethomas,3210zyx1vu,2017-03-09T13:14:38.,ENGINEER,17 Second Street,NORTH LITTLE ROCK,72117
M.,David,Richard,davidrichard,43210zy2wv,2014-06-18T12:06:26.,TRADER,33 River Street,LOWELL,97452
M.,Marcel,Laurent,marcellaurent0,543210z3xw,2010-08-23T15:38:59.,TRADER,7 Green Street,ANDOVER,52701
Mme,Danielle,Martin,daniellemartin0,65432104yx,2000-05-05T12:50:29.,SALES,26 Spring Street,LAURELVILLE,43135
Mme,Monique,Girard,moniquegirard0,76543215zy,2008-04-24T16:23:56.,ENGINEER,20 Ridge Street,BARTO,19504
Mme,Odette,Martin,odettemartin0,876543260z,2003-08-17T10:55:31.,SALES,16 Laurel Street,WILMINGTON,12997
Mme,Denise,Mercier,denisemercier,9876543810,2007-09-30T13:50:20.,ENGINEER,36 6th Street,HONEY GROVE,75446
Mme,Colette,Fournier,colettefournier,a987654921,2017-08-08T13:51:19.,TRADER, ,,
M.,Jean,Vincent,jeanvincent,ba98765a32,2009-12-21T11:40:58.,SALES,39 5th Street,ROSSTON,73855
M.,David,Leroy,davidleroy,cba9876b43,2017-11-23T16:13:41.,ENGINEER, ,,
M.,Alain,Fournier,alainfournier,dcba987c54,2012-09-12T08:58:04.,TRADER,1 Park Street,BREWSTER,10509
Mme,Dominique,Richard,dominiquerichard,edcba98d65,2016-02-21T09:41:06.,SALES,40 Taylor Street,VENTURA,93004
Mme,Margeuerite,Simon,margeueritesimon,fedcba9e76,2005-02-18T14:21:55.,SALES,16 Highland Street,FROSTPROOF,33843
Mme,Cecile,Bertrand,cecilebertrand0,gfedcbaf87,2015-03-29T15:51:55.,TRADER, ,,
Mme,Marcelle,Petit,marcellepetit,hgfedcbg98,2007-05-24T13:05:24.,TRADER, ,,
M.,Pierre,Michel,pierremichel,ihgfedcha9,2005-05-27T09:40:56.,TRADER,23 Maple Street,HAYESVILLE,52562
M.,Yves,Laurent,yveslaurent0,jihgfediba,2010-07-31T14:32:26.,TRADER,23 2nd Street,BARNESBORO,15714
M.,Marc,Martin,marcmartin,kjihgfejcb,2011-05-08T14:58:24.,SALES,40 Hill Street,CULLOWHEE,28723
Mme,Nicole,Durand,nicoledurand,lkjihgfkdc,2015-01-04T15:58:57.,ENGINEER,13 Jefferson Street,TAYLORSVILLE,95983
M.,Henri,Petit,henripetit,mlkjihgled,2015-11-20T12:29:41.,SALES, ,,
Mme,Annie,Roux,annieroux,nmlkjihmfe,2009-04-08T14:08:08.,SALES,15 Fourth Street,ARCHIE,64725
M.,Bruno,Petit,brunopetit,onmlkjingf,2008-03-04T14:41:27.,SALES,48 Washington Street,STOUTSVILLE,65283
M.,Pierre,Martin,pierremartin0,ponmlkjohg,2003-01-16T11:21:19.,ENGINEER,24 Center Street,FOX LAKE,53933
M.,Claude,Petit,claudepetit0,qponmlkpih,2010-04-03T08:57:48.,TRADER,15 Birch Street,MC CLELLAND,51548
Mme,Jacqueline,David,jacquelinedavid,rqponmlqji,2018-11-09T15:54:27.,SALES,23 Sunset Street,REDWOOD,13679
M.,Vincent,Martin,vincentmartin,srqponmrkj,2009-05-07T11:21:58.,ENGINEER,17 Pine Street,WALSH,62297
M.,Claude,Roux,clauderoux,tsrqponslk,2017-03-08T16:30:34.,TRADER,26 Locust Street,CONROY,52220
Mme,Laetitia,Moreau,laetitiamoreau,utsrqpotml,2012-01-02T16:27:24.,TRADER,41 Third Street,CONEJOS,81129
M.,Thierry,Mercier,thierrymercier,vutsrqpunm,2000-11-05T08:20:22.,ENGINEER,11 Railroad Street,FLASHER,58535
Mme,Claudine,Martin,claudinemartin0,wvutsrqvon,2001-09-29T13:18:39.,ENGINEER,5 Main Street,ELLICOTT CITY,21042
M.,Jerome,Bertrand,jeromebertrand,xwvutsrwpo,2004-07-09T12:48:39.,SALES,9 Washington Street,KELSO,98626
M.,Marc,Bernard,marcbernard0,yxwvutsxqp,2014-05-05T16:11:14.,ENGINEER,25 Third Street,TOPMOST,41862
M.,Thierry,Roux,thierryroux,zyxwvutyrq,2010-09-23T08:37:34.,ENGINEER,18 First Street,CLARKSBURG,38324
Mme,Madeleine,Thomas,madeleinethomas0,_zyxwvuzsr,2012-03-13T15:39:22.,ENGINEER,4 Lake Street,KILBOURNE,62655
M.,Olivier,Leroy,olivierleroy,a_zyxwv_ts,2009-09-06T10:18:00.,ENGINEER,41 7th Street,HADLYME,6439
Mme,Aurelie,Martin,aureliemartin,ba_zyxwaut,2003-06-25T12:40:14.,ENGINEER,33 Laurel Street,BOB WHITE,25028
Mme,Colette,Mercier,colettemercier,cba_zyxbvu,2018-12-23T16:42:52.,TRADER,44 Elm Street,WALCOTT,58077
Mme,Jacqueline,Garcia,jacquelinegarcia1,dcba_zycwv,2000-01-07T16:53:46.,ENGINEER,19 Center Street,NICHOLLS,31554
M.,Michel,Robert,michelrobert,edcba_zdxw,2000-07-27T16:03:25.,TRADER,36 Fifth Street,MARYDELL,40751
M.,Marcel,Durand,marceldurand,fedcba_eyx,2001-06-08T08:44:41.,TRADER,34 Highland Street,SEASIDE HEIGHTS,8751
Mme,Claire,David,clairedavid,gfedcbafzy,2010-11-28T15:42:46.,ENGINEER,39 Smith Street,LAGRANGE,46761
Mme,Chantal,Moreau,chantalmoreau,hgfedcbg_z,2018-01-16T09:21:08.,SALES,19 15th Street,PARKER,66072
Mme,Patricia,Dubois,patriciadubois,ihgfedcha_,2010-12-02T13:23:40.,TRADER, ,,
Mme,Florence,André,florenceandré,jihgfediba,2009-11-15T13:03:03.,ENGINEER,13 Jefferson Street,VICTORY MILLS,12884
Mme,Corinne,Simon,corinnesimon,kjihgfejcb,2013-10-18T09:54:52.,TRADER,41 Park Street,NAYLOR,31641
Mme,Francoise,Richard,francoiserichard,lkjihgfkdc,2015-11-24T10:59:41.,TRADER,47 Highland Street,CASEYVILLE,62232
Mme,Martine,Michel,martinemichel,mlkjihgled,2000-09-04T10:11:16.,SALES,10 Sycamore Street,SNOWVILLE,84336
Mme,Monique,Mercier,moniquemercier,nmlkjihmfe,2020-05-22T15:30:15.,SALES,1 8th Street,JASPER,30143
Mme,Caroline,Michel,carolinemichel,onmlkjingf,2020-12-26T14:45:21.,TRADER,41 1st Street,SENECA,54654
M.,Philippe,Bernard,philippebernard,ponmlkjohg,2018-08-21T14:48:47.,SALES,19 Birch Street,PENNELLVILLE,13132
M.,Daniel,Leroy,danielleroy,qponmlkpih,2004-02-01T16:38:00.,ENGINEER,16 Spring Street,DALE,47523
M.,Sebastien,Leroy,sebastienleroy,rqponmlqji,2009-06-19T10:04:57.,TRADER,45 Railroad Street,PORT GIBSON,14537
Mme,Laurence,Vincent,laurencevincent,srqponmrkj,2000-03-24T09:41:17.,SALES,45 Chestnut Street,MANAHAWKIN,8050
Mme,Colette,Vincent,colettevincent,tsrqponslk,2010-07-30T08:10:47.,SALES,41 7th Street,TURON,67583
Mme,Nicole,Dubois,nicoledubois,utsrqpotml,2007-05-09T16:13:16.,TRADER, ,,
M.,Julien,Vincent,julienvincent,vutsrqpunm,2002-05-07T09:36:33.,SALES,39 Chestnut Street,QUECREEK,15555
Mme,Aurelie,Garcia,aureliegarcia,wvutsrqvon,2001-05-11T16:54:10.,ENGINEER,8 Tenth Street,TALMAGE,95481
Mme,Julie,Dubois,juliedubois,xwvutsrwpo,2007-12-29T15:07:53.,SALES, ,,
M.,Claude,Lefebvre,claudelefebvre0,yxwvutsxqp,2020-11-23T09:45:23.,SALES,35 Fourth Street,VICTORIA,61485
M.,Frederic,Fournier,fredericfournier,zyxwvutyrq,2012-09-30T11:33:39.,TRADER,28 6th Street,BRADFORD,2808
M.,Louis,Mercier,louismercier,0zyxwvuzsr,2007-06-29T09:25:09.,ENGINEER, ,,
M.,Christophe,Lefebvre,christophelefebvre0,10zyxwv0ts,2016-04-30T12:28:59.,TRADER,25 River Street,VAIDEN,39176
Mme,Aurelie,Durand,aureliedurand,210zyxw1ut,2004-01-06T15:15:40.,ENGINEER,20 15th Street,SHAWNEETOWN,62984
Mme,Elodie,David,elodiedavid,3210zyx2vu,2014-08-07T10:36:07.,SALES,7 Wilson Street,GRANADA,81041
M.,Jean,Moreau,jeanmoreau,43210zy3wv,2013-10-10T15:06:45.,TRADER,28 View Street,HAMEL,55340
Mme,Andree,Bernard,andreebernard,543210z4xw,2019-01-29T13:56:17.,TRADER,40 14th Street,POMONA,10970
M.,Franck,Martin,franckmartin0,65432105yx,2009-05-12T08:41:45.,TRADER,10 8th Street,PORTER,77365
M.,Jean-Pierre,Thomas,jean-pierrethomas,76543216zy,2012-01-01T14:32:55.,SALES,28 Valley Street,JOANNA,29351
Mme,Claire,Martin,clairemartin0,876543270z,2016-07-10T11:44:42.,TRADER,39 15th Street,ELLOREE,29047
Mme,Cecile,Martin,cecilemartin,9876543910,2013-03-05T13:47:10.,SALES,7 Pine Street,WEST NEWFIELD,4095
Mme,Marcelle,Michel,marcellemichel,a987654a21,2015-10-14T15:02:50.,ENGINEER,43 Center Street,FERNDALE,12734
Mme,Nicole,Thomas,nicolethomas,ba98765b32,2016-05-19T15:55:57.,TRADER, ,,
Mme,Annie,Simon,anniesimon0,cba9876c43,2013-03-21T14:55:34.,SALES,8 Locust Street,MARION,58466
Mme,Elodie,Petit,elodiepetit0,dcba987d54,2003-05-12T13:47:13.,SALES,25 Meadow Street,MARSHES SIDING,42631
M.,Julien,Dubois,juliendubois,edcba98e65,2003-09-06T11:37:50.,SALES,50 9th Street,HALLTOWN,65664
Mme,Corinne,Martin,corinnemartin,fedcba9f76,2007-05-01T08:40:09.,ENGINEER,2 Seventh Street,PULTENEY,14874
M.,Dominique,Thomas,dominiquethomas,gfedcbag87,2000-11-29T12:26:48.,TRADER,14 Wilson Street,WOLF CREEK,97497
Mme,Anne,Lefèvre,annelefèvre,hgfedcbh98,2002-05-10T12:34:57.,TRADER,33 10th Street,HUNGRY HORSE,59919
M.,Pierre,Durand,pierredurand0,ihgfedcia9,2007-07-30T13:54:36.,SALES,5 5th Street,CHESTNUT,62518
M.,Rene,Morel,renemorel,jihgfedjba,2001-11-01T11:56:35.,SALES, ,,
Mme,Denise,Lefebvre,deniselefebvre,kjihgfekcb,2005-08-02T11:15:49.,TRADER,43 Madison Street,SPOKANE,99218
M.,Thierry,Thomas,thierrythomas,lkjihgfldc,2003-04-11T10:43:51.,TRADER,16 Willow Street,GILROY,95020
Mme,Nicole,Thomas,nicolethomas0,mlkjihgmed,2003-12-26T16:21:15.,SALES,8 First Street,RAMAH,87321
M.,Julien,Fournier,julienfournier,nmlkjihnfe,2002-07-03T16:27:35.,ENGINEER,10 Center Street,PAYETTE,83661
Mme,Chantal,Bernard,chantalbernard,onmlkjiogf,2004-08-19T12:11:52.,SALES, ,,
Mme,Josette,André,josetteandré0,ponmlkjphg,2020-09-25T11:00:52.,SALES,9 Maple Street,WARSAW,41095
Mme,Nicole,Vincent,nicolevincent,qponmlkqih,2011-09-27T13:47:30.,TRADER,13 First Street,STONY POINT,10980
M.,Louis,Richard,louisrichard,rqponmlrji,2004-12-03T16:55:44.,TRADER,34 Eighth Street,ACME,15610
M.,Dominique,Martin,dominiquemartin,srqponmskj,2010-06-26T09:55:18.,ENGINEER,38 5th Street,ULEN,56585
M.,Thomas,David,thomasdavid0,tsrqpontlk,2019-02-01T10:31:44.,TRADER,32 Wilson Street,BERLIN,21811
Mme,Bernadette,Girard,bernadettegirard,utsrqpouml,2009-09-20T11:16:20.,TRADER,13 Ridge Street,BRANDYWINE,26802
M.,Olivier,Martin,oliviermartin,vutsrqpvnm,2020-09-03T08:03:13.,TRADER, ,,
Mme,Brigitte,Roux,brigitteroux0,wvutsrqwon,2019-10-06T09:38:10.,TRADER,7 Hill Street,KINGS MILLS,45034
M.,Frederic,Robert,fredericrobert,xwvutsrxpo,2000-09-28T16:31:32.,ENGINEER,12 Fifth Street,ROLESVILLE,27571
Mme,Chantal,Leroy,chantalleroy,yxwvutsyqp,2012-04-03T08:20:32.,SALES,22 Eighth Street,WEST FARGO,58078
M.,Andre,Richard,andrerichard,zyxwvutzrq,2011-01-03T08:40:14.,TRADER,34 Fifth Street,CARSON CITY,89721
M.,Robert,Martin,robertmartin0,_zyxwvu_sr,2001-08-30T08:01:14.,TRADER,20 2nd Street,ALEXANDER,58831
M.,Thomas,Fournier,thomasfournier,a_zyxwvats,2005-10-25T15:47:24.,ENGINEER,20 Madison Street,LEWISVILLE,71845
Mme,Michele,Vincent,michelevincent,ba_zyxwbut,2013-04-21T08:49:11.,ENGINEER,18 Spruce Street,AMELIA,68711
Mme,Martine,Richard,martinerichard,cba_zyxcvu,2014-04-01T12:17:57.,SALES,5 6th Street,ORE CITY,75683
Mme,Laurence,Garcia,laurencegarcia,dcba_zydwv,2013-08-15T15:52:22.,SALES, ,,
Mme,Isabelle,Roux,isabelleroux,edcba_zexw,2003-03-11T14:33:21.,TRADER,9 Meadow Street,TATUM,75691
Mme,Catherine,Laurent,catherinelaurent,fedcba_fyx,2014-04-26T09:28:44.,SALES,50 7th Street,MOUNT RAINIER,20712
Mme,Renee,Petit,reneepetit0,gfedcbagzy,2000-05-05T10:24:02.,TRADER,13 Birch Street,PERKINSVILLE,5151
M.,Paul,Martin,paulmartin,hgfedcbh_z,2005-10-17T15:55:48.,ENGINEER,37 7th Street,ALSTEAD,3602
Mme,Anne,Laurent,annelaurent,ihgfedcia_,2005-08-01T12:35:03.,SALES,42 Valley Street,PLAINVIEW,68769
Mme,Jeannine,Laurent,jeanninelaurent,jihgfedjba,2005-11-09T10:59:19.,TRADER,28 First Street,TALLASSEE,37878
M.,David,Bernard,davidbernard,kjihgfekcb,2004-11-04T12:38:21.,TRADER,22 Washington Street,GRAND ISLE,4746
M.,Marcel,Laurent,marcellaurent1,lkjihgfldc,2002-10-08T11:03:08.,ENGINEER, ,,
Mme,Danielle,Bertrand,daniellebertrand0,mlkjihgmed,2006-09-29T16:29:59.,TRADER, ,,
Mme,Odette,Lefèvre,odettelefèvre,nmlkjihnfe,2018-02-06T12:52:50.,SALES,9 First Street,MATHENY,24860
M.,Laurent,Dubois,laurentdubois,onmlkjiogf,2003-11-23T09:57:00.,TRADER,9 Smith Street,COAMO,769
M.,Joseph,Vincent,josephvincent,ponmlkjphg,2008-06-21T15:55:03.,SALES,36 East Street,MOUNTAIN HOME,78058
Mme,Jeanne,Martin,jeannemartin,qponmlkqih,2019-02-13T12:48:19.,SALES,13 Fourth Street,LAUREL BLOOMERY,37680
Mme,Marie,Morel,mariemorel,rqponmlrji,2000-05-05T09:27:33.,ENGINEER, ,,
Mme,Andree,Lefebvre,andreelefebvre0,srqponmskj,2014-10-25T11:13:55.,TRADER,32 Washington Street,INVER GROVE HEIGHTS,55076
Mme,Marcelle,Robert,marcellerobert,tsrqpontlk,2015-02-10T16:26:44.,SALES,4 Park Street,SUMNER,62466
M.,Bruno,Michel,brunomichel,utsrqpouml,2004-03-15T15:48:02.,SALES,36 Main Street,KIDRON,44636
Mme,Jeannine,Petit,jeanninepetit,vutsrqpvnm,2020-06-12T11:43:35.,TRADER, ,,
M.,Daniel,Simon,danielsimon,wvutsrqwon,2008-05-31T13:22:30.,ENGINEER,31 Seventh Street,BUFFALO,66717
M.,Daniel,Lefèvre,daniellefèvre,xwvutsrxpo,2003-09-16T14:25:15.,SALES,25 Elm Street,LA RUE,43332
M.,Guy,Richard,guyrichard,yxwvutsyqp,2007-06-25T09:48:47.,ENGINEER,13 12th Street,HILLSDALE,12529
M.,Alexandre,André,alexandreandré,zyxwvutzrq,2000-10-07T08:37:13.,SALES, ,,
Mme,Andree,David,andreedavid,0zyxwvu0sr,2004-02-06T16:12:04.,TRADER,36 Hill Street,MILLERSBURG,52308
M.,Michel,Robert,michelrobert0,10zyxwv1ts,2015-07-16T13:42:45.,ENGINEER,7 Hill Street,CISNE,62823
M.,Stephane,Petit,stephanepetit,210zyxw2ut,2017-04-22T09:13:55.,SALES,20 Oak Street,GENEVA,14456
Mme,Martine,Martin,martinemartin,3210zyx3vu,2000-05-02T13:40:37.,SALES,31 14th Street,RUSSELL,41169
M.,Paul,Lefèvre,paullefèvre,43210zy4wv,2004-07-26T12:00:47.,SALES,8 College Street,JAY EM,82219