title,firstname,lastname,login,password,expireDate,role,street,city,postalCode
Mme,Christelle,Petit,christellepetit,9876543210,2008-04-23T11:02:14.,SALES,26 Oak Street,ALPHA,61413
Mme,Audrey,Laurent,audreylaurent,a987654321,2020-04-29T12:21:38.,ENGINEER, ,,
M.,Franck,Bertrand,franckbertrand,ba98765432,2020-05-23T16:42:30.,ENGINEER,9 4th Street,EAST WORCESTER,12064
Mme,Elisabeth,Leroy,elisabethleroy,cba9876543,2014-08-02T11:00:44.,TRADER,41 Sunset Street,CHISAGO CITY,55013
Mme,Emilie,Martin,emiliemartin,dcba987654,2019-06-30T11:19:49.,SALES,10 Jefferson Street,PLAYAS,88009
Mme,Paulette,Lefebvre,paulettelefebvre,edcba98765,2008-04-25T10:35:05.,ENGINEER,30 13th Street,EAST ROCHESTER,14445
Mme,Annie,André,annieandré,fedcba9876,2019-12-14T13:42:48.,SALES, ,,
Mme,Laetitia,Martin,laetitiamartin,gfedcba987,2003-07-23T16:04:48.,SALES, ,,
Mme,Martine,Mercier,martinemercier,hgfedcba98,2000-04-03T08:04:36.,TRADER,20 Laurel Street,SOSO,39480
M.,Franck,Thomas,franckthomas,ihgfedcba9,2000-06-10T11:59:37.,ENGINEER,43 View Street,HUFSMITH,77337
Mme,Claudine,Morel,claudinemorel,jihgfedcba,2001-12-20T11:48:31.,TRADER,40 Laurel Street,PROSPECT,16052
M.,Claude,Durand,claudedurand,kjihgfedcb,2011-03-22T13:19:27.,ENGINEER,46 1st Street,CRAIGSVILLE,24430
M.,Maurice,Roux,mauriceroux,lkjihgfedc,2020-01-27T11:47:59.,SALES,5 Wilson Street,BELLWOOD,36313
M.,Olivier,Lefèvre,olivierlefèvre,mlkjihgfed,2004-10-23T11:00:32.,ENGINEER,39 Central Street,TEKOA,99033
M.,Robert,Lefèvre,robertlefèvre,nmlkjihgfe,2012-04-14T08:43:19.,ENGINEER,45 Ridge Street,TIOGA,71477
M.,Christian,Durand,christiandurand,onmlkjihgf,2020-08-07T11:30:05.,ENGINEER, ,,
M.,Christophe,Roux,christopheroux,ponmlkjihg,2020-04-09T09:32:18.,SALES,13 Chestnut Street,ALLYN,98524
Mme,Christiane,Mercier,christianemercier,qponmlkjih,2006-07-10T11:17:10.,ENGINEER,42 7th Street,APOPKA,32704
M.,Serge,Garcia,sergegarcia,rqponmlkji,2017-12-26T09:31:57.,ENGINEER,50 Second Street,MARYSVALE,84750
Mme,Aurelie,Martin,aureliemartin,srqponmlkj,2020-06-04T15:15:13.,SALES,45 Franklin Street,NORWOOD,24581
M.,Christian,Simon,christiansimon,tsrqponmlk,2018-02-17T10:30:17.,TRADER,48 Lakeview Street,HUNKER,15639
M.,Henri,Lefebvre,henrilefebvre,utsrqponml,2009-12-02T10:25:33.,SALES, ,,
M.,Sebastien,Petit,sebastienpetit,vutsrqponm,2011-12-19T13:17:12.,TRADER,15 Fifteenth Street,OCHEYEDAN,51354
M.,Christophe,Martin,christophemartin,wvutsrqpon,2016-12-21T12:56:11.,TRADER,50 Walnut Street,FORCE,15841
M.,Pascal,Leroy,pascalleroy,xwvutsrqpo,2020-01-07T15:20:18.,TRADER, ,,
Mme,Paulette,Moreau,paulettemoreau,yxwvutsrqp,2019-03-10T15:48:21.,SALES, ,,
Mme,Denise,Bertrand,denisebertrand,zyxwvutsrq,2018-07-20T13:37:38.,TRADER, ,,
Mme,Dominique,Dubois,dominiquedubois,_zyxwvutsr,2004-08-24T10:52:51.,SALES, ,,
Mme,Denise,Bertrand,denisebertrand,a_zyxwvuts,2012-07-02T09:00:29.,SALES, ,,
Mme,Christiane,Dubois,christianedubois,ba_zyxwvut,2005-10-27T16:08:03.,SALES,21 Lakeview Street,WARRENTON,97146
M.,Paul,Fournier,paulfournier,cba_zyxwvu,2007-01-17T15:02:52.,SALES,1 9th Street,ARCADIA,34265
M.,Thierry,Garcia,thierrygarcia,dcba_zyxwv,2012-10-02T16:05:43.,ENGINEER,20 East Street,KENSAL,58455
Mme,Anne,André,anneandré,edcba_zyxw,2020-07-05T16:34:19.,TRADER,4 Walnut Street,STIRUM,58069
Mme,Isabelle,Leroy,isabelleleroy,fedcba_zyx,2001-11-27T09:44:34.,SALES,5 Walnut Street,SAINT CLOUD,53079
Mme,Aurelie,Robert,aurelierobert,gfedcba_zy,2010-06-13T11:01:12.,TRADER,23 Oak Street,ALLENTOWN,8501
M.,Andre,Bernard,andrebernard,hgfedcba_z,2013-12-12T10:43:28.,TRADER,19 South Street,STEPHENS CITY,22655
M.,Patrick,Moreau,patrickmoreau,ihgfedcba_,2014-05-02T13:50:26.,ENGINEER,10 First Street,PLEASANTON,94566
Mme,Christine,Vincent,christinevincent,jihgfedcba,2006-06-08T15:30:32.,SALES,17 Walnut Street,DUQUESNE,15110
M.,Francois,Durand,francoisdurand,kjihgfedcb,2003-11-23T14:28:02.,TRADER,46 6th Street,ATOKA,38004
Mme,Corinne,David,corinnedavid,lkjihgfedc,2000-02-24T11:05:24.,SALES,45 Spruce Street,WELLS,5774
M.,George,Garcia,georgegarcia,mlkjihgfed,2002-05-13T11:37:14.,TRADER,10 7th Street,ETLAN,22719
Mme,Anne,Leroy,anneleroy,nmlkjihgfe,2014-02-12T16:38:39.,ENGINEER,30 Pine Street,LORIS,29569
Mme,Chantal,Michel,chantalmichel,onmlkjihgf,2011-07-13T12:00:54.,TRADER, ,,
M.,Michel,Petit,michelpetit,ponmlkjihg,2010-06-09T09:10:59.,ENGINEER,43 10th Street,MARS HILL,28754
Mme,Chantal,Dubois,chantaldubois,qponmlkjih,2016-01-21T13:27:47.,TRADER, ,,
M.,Jerome,Martin,jeromemartin,rqponmlkji,2012-09-20T11:53:10.,ENGINEER, ,,
Mme,Francoise,Martin,francoisemartin,srqponmlkj,2015-04-29T16:42:11.,TRADER, ,,
Mme,Danielle,Martin,daniellemartin,tsrqponmlk,2017-08-09T12:18:38.,TRADER,47 View Street,BRENTWOOD,37024
Mme,Laurence,Lefèvre,laurencelefèvre,utsrqponml,2000-02-04T16:17:45.,TRADER,19 Jefferson Street,SPRINGER,73458
M.,Daniel,Roux,danielroux,vutsrqponm,2002-04-03T09:00:53.,SALES,19 Valley Street,BREEDEN,25666
Mme,Paulette,Moreau,paulettemoreau,wvutsrqpon,2009-03-10T12:46:21.,TRADER,43 Locust Street,SANOSTEE,87461
Mme,Denise,Laurent,deniselaurent,xwvutsrqpo,2017-12-17T12:34:38.,SALES,28 Madison Street,KREBS,74554
Mme,Elodie,Richard,elodierichard,yxwvutsrqp,2014-12-29T11:32:54.,TRADER, ,,
M.,Marc,Martin,marcmartin,zyxwvutsrq,2010-04-29T12:30:26.,SALES,23 Twelfth Street,BELFAST,14711
Mme,Paulette,Martin,paulettemartin,0zyxwvutsr,2002-09-17T11:06:19.,TRADER,18 4th Street,HENDERSON,72544
M.,Alain,Garcia,alaingarcia,10zyxwvuts,2008-05-22T15:41:45.,SALES,13 Center Street,EAST DIXFIELD,4227
Mme,Marie,Garcia,mariegarcia,210zyxwvut,2000-10-16T09:55:15.,TRADER,40 Lincoln Street,KEWANNA,46939
Mme,Francoise,Morel,francoisemorel,3210zyxwvu,2009-01-13T08:04:09.,TRADER,38 Spring Street,WALNUT,51577
M.,Laurent,Garcia,laurentgarcia,43210zyxwv,2017-11-22T13:34:52.,SALES,46 Hill Street,CARTER,41128
M.,Patrick,Robert,patrickrobert,543210zyxw,2010-10-28T10:43:01.,TRADER,7 Woodland Street,WEST UNION,26456
M.,Stephane,Lefebvre,stephanelefebvre,6543210zyx,2018-01-06T14:01:25.,ENGINEER,2 Highland Street,BROCKTON,17925
M.,Alain,Bernard,alainbernard,76543210zy,2013-10-15T08:11:01.,ENGINEER,32 Oak Street,ATLANTA,46031
M.,Serge,Richard,sergerichard,876543210z,2001-05-19T13:07:40.,TRADER,16 Broadway Street,WHITEFACE,79379
M.,Laurent,Fournier,laurentfournier,9876543310,2004-05-06T10:58:01.,ENGINEER,43 Highland Street,SAN PEDRO,90731
M.,Rene,Garcia,renegarcia,a987654421,2010-11-01T09:41:21.,ENGINEER,36 Maple Street,BODFISH,93205
Mme,Catherine,Martin,catherinemartin,ba98765532,2020-07-15T13:07:20.,SALES,39 Forest Street,LAKESIDE,49116
Mme,Celine,Lefebvre,celinelefebvre,cba9876643,2020-07-02T11:20:44.,TRADER,10 West Street,BUTLER,21023
M.,Maurice,Dubois,mauricedubois,dcba987754,2019-01-14T10:49:28.,SALES,19 Elm Street,MAPLEWOOD,7040
M.,Jacques,Leroy,jacquesleroy,edcba98865,2003-10-07T09:26:56.,SALES,30 First Street,BIG CREEK,38914
Mme,Christelle,Michel,christellemichel,fedcba9976,2017-06-12T13:26:34.,TRADER,3 1st Street,STERLING,1564
Mme,Laurence,Robert,laurencerobert,gfedcbaa87,2008-01-27T14:07:40.,ENGINEER,9 Elm Street,CUBA,36907
M.,Bernard,Leroy,bernardleroy,hgfedcbb98,2014-01-09T08:06:37.,ENGINEER,18 Church Street,KEMP,74747
Mme,Christiane,Garcia,christianegarcia,ihgfedcca9,2006-01-26T08:54:33.,ENGINEER,34 Sycamore Street,BAY MINETTE,36507
M.,Roger,Vincent,rogervincent,jihgfeddba,2001-07-13T09:42:11.,ENGINEER,11 Meadow Street,DELAWARE,72835
Mme,Celine,Garcia,celinegarcia,kjihgfeecb,2019-09-05T08:25:54.,ENGINEER,29 Cedar Street,HAZEL GREEN,53811
M.,Henri,Lefebvre,henrilefebvre,lkjihgffdc,2018-02-03T12:45:48.,TRADER, ,,
Mme,Isabelle,Leroy,isabelleleroy,mlkjihgged,2019-07-23T12:10:11.,ENGINEER,32 Lakeview Street,NOEL,64854
Mme,Michele,Bernard,michelebernard,nmlkjihhfe,2007-05-18T12:05:57.,TRADER, ,,
Mme,Audrey,Morel,audreymorel,onmlkjiigf,2007-04-14T14:46:08.,TRADER,21 8th Street,PLATINA,96076
M.,Thomas,Fournier,thomasfournier,ponmlkjjhg,2012-05-13T14:22:11.,ENGINEER,20 Forest Street,PROSPECT,6712
Mme,Jeanne,Simon,jeannesimon,qponmlkkih,2009-10-25T08:28:26.,TRADER,25 Center Street,HUDSON,28638
Mme,Audrey,Martin,audreymartin,rqponmllji,2004-05-02T16:01:11.,ENGINEER,6 Broadway Street,MCCOMB,39649
M.,Olivier,Girard,oliviergirard,srqponmmkj,2020-05-25T08:39:43.,ENGINEER,8 Eighth Street,EAST HAVEN,6512
M.,Marc,Fournier,marcfournier,tsrqponnlk,2020-12-26T12:58:03.,ENGINEER,11 Ridge Street,STRATFORD,93266
M.,Pascal,Martin,pascalmartin,utsrqpooml,2005-01-08T15:25:50.,TRADER,33 Woodland Street,FISHERS ISLAND,6390
M.,Pascal,Bernard,pascalbernard,vutsrqppnm,2015-04-09T09:10:23.,TRADER,32 Cedar Street,HAMLIN,42046
Mme,Emilie,David,emiliedavid,wvutsrqqon,2013-12-03T14:50:29.,TRADER,49 9th Street,LAUREL,68745
Mme,Michele,David,micheledavid,xwvutsrrpo,2014-10-16T15:37:55.,SALES,37 Miller Street,GLENHAM,12527
M.,Marc,Martin,marcmartin,yxwvutssqp,2007-01-25T10:17:47.,ENGINEER,44 Johnson Street,BRIAR,63931
M.,Marc,Thomas,marcthomas,zyxwvuttrq,2011-09-01T16:21:41.,SALES,33 College Street,SALEM,87941
M.,Marc,Bernard,marcbernard,_zyxwvuusr,2010-07-13T15:17:25.,ENGINEER,15 Main Street,CATAWBA,29704
Mme,Caroline,Michel,carolinemichel,a_zyxwvvts,2006-11-29T12:21:48.,TRADER,31 7th Street,SILVERDALE,18962
Mme,Celine,Garcia,celinegarcia,ba_zyxwwut,2006-01-16T16:38:47.,SALES,27 Highland Street,CATHARPIN,20143
Mme,Christelle,Robert,christellerobert,cba_zyxxvu,2007-09-08T16:06:12.,TRADER,38 West Street,MONITOR,98836
M.,Vincent,Thomas,vincentthomas,dcba_zyywv,2014-12-31T13:38:55.,TRADER,48 Railroad Street,CHARLES CITY,50616
M.,Nicolas,Fournier,nicolasfournier,edcba_zzxw,2005-03-03T08:18:49.,SALES,3 Maple Street,SPRINGBROOK,54875
M.,Sebastien,Petit,sebastienpetit,fedcba__yx,2011-02-18T13:02:04.,ENGINEER,4 Hillcrest Street,MC CARLEY,38943
Mme,Helene,Durand,helenedurand,gfedcbaazy,2012-03-03T14:00:14.,TRADER,33 Hickory Street,MOUNT HAMILTON,95140
M.,Didier,Durand,didierdurand,hgfedcbb_z,2006-03-14T12:06:57.,ENGINEER,44 Elm Street,WAILUKU,96793
M.,Rene,Martin,renemartin,ihgfedcca_,2008-11-05T10:59:55.,TRADER,41 Washington Street,WEEDSPORT,13166
M.,Marcel,Dubois,marceldubois,jihgfeddba,2006-12-30T11:02:14.,ENGINEER,1 Elm Street,MARYLHURST,97036
Mme,Cecile,Lefebvre,cecilelefebvre,kjihgfeecb,2019-08-10T12:40:19.,ENGINEER, ,,
M.,Thierry,Lefèvre,thierrylefèvre,lkjihgffdc,2012-11-13T09:19:59.,ENGINEER,18 First Street,JEFFREY,25114
M.,Didier,Morel,didiermorel,mlkjihgged,2008-02-22T11:25:07.,TRADER,38 Adams Street,CUTLER,4626
Mme,Danielle,Morel,daniellemorel,nmlkjihhfe,2012-07-26T13:50:03.,ENGINEER,3 3rd Street,TAYLORS,29687
M.,Pascal,Girard,pascalgirard,onmlkjiigf,2010-08-15T08:16:32.,TRADER,3 Third Street,HIMA,40951
M.,Frederic,Leroy,fredericleroy,ponmlkjjhg,2009-01-08T08:55:54.,SALES, ,,
Mme,Jeannine,Petit,jeanninepetit,qponmlkkih,2017-01-17T10:25:57.,SALES, ,,
M.,Guillaume,Thomas,guillaumethomas,rqponmllji,2010-06-26T16:53:45.,ENGINEER,2 Chestnut Street,WOODINVILLE,98072
M.,Claude,André,claudeandré,srqponmmkj,2015-04-02T13:35:11.,ENGINEER,2 8th Street,REXVILLE,14877
Mme,Monique,Fournier,moniquefournier,tsrqponnlk,2001-04-06T13:06:16.,TRADER,14 Ridge Street,LAKE NEBAGAMON,54849
M.,Yves,Roux,yvesroux,utsrqpooml,2007-03-13T08:17:48.,TRADER,25 Hill Street,SARGENTS,81248
M.,Jacques,Richard,jacquesrichard,vutsrqppnm,2006-06-16T15:31:47.,ENGINEER, ,,
Mme,Caroline,Laurent,carolinelaurent,wvutsrqqon,2005-02-21T13:52:55.,SALES, ,,
Mme,Francoise,Robert,francoiserobert,xwvutsrrpo,2019-07-18T13:11:45.,SALES, ,,
M.,Jean-Pierre,Michel,jean-pierremichel,yxwvutssqp,2009-11-12T15:45:57.,SALES,22 7th Street,RENAULT,62279
Mme,Marie,Richard,marierichard,zyxwvuttrq,2019-05-07T15:20:53.,SALES,36 Cedar Street,ROCKFIELD,46977
M.,Marc,Durand,marcdurand,0zyxwvuusr,2002-03-28T09:35:45.,ENGINEER,15 Spring Street,MORGANVILLE,67468
M.,Gerard,Robert,gerardrobert,10zyxwvvts,2004-06-06T12:18:39.,TRADER,43 First Street,LANGLEY,74350
Mme,Caroline,Richard,carolinerichard,210zyxwwut,2013-06-04T13:32:46.,ENGINEER,4 Washington Street,DIXON SPRINGS,37057
M.,Julien,Lefèvre,julienlefèvre,3210zyxxvu,2000-04-27T09:45:33.,TRADER,14 1st Street,CONNERVILLE,74836
Mme,Cecile,Lefebvre,cecilelefebvre,43210zyywv,2000-08-22T11:36:00.,TRADER,10 Adams Street,PINOLE,94564
Mme,Corinne,Richard,corinnerichard,543210zzxw,2002-07-06T14:18:19.,TRADER,45 5th Street,ALBANY,94706
M.,Michel,Thomas,michelthomas,65432100yx,2004-11-01T08:43:43.,ENGINEER,47 Sycamore Street,PITTSBURG,94565
Mme,Michele,Morel,michelemorel,76543211zy,2004-05-15T11:18:28.,ENGINEER,12 View Street,DAVIS CREEK,96108
Mme,Jeannine,Bernard,jeanninebernard,876543220z,2004-02-25T09:09:50.,TRADER,15 Railroad Street,BEALETON,22712
Mme,Celine,Laurent,celinelaurent,9876543410,2012-01-10T13:58:50.,SALES,2 Highland Street,AMANA,52203
Mme,Paulette,Martin,paulettemartin,a987654521,2011-09-14T16:50:35.,TRADER,48 Green Street,KENT,98032
Mme,Renee,Moreau,reneemoreau,ba98765632,2005-07-13T11:36:25.,SALES,31 Oak Street,FOX,97831
M.,Gerard,André,gerardandré,cba9876743,2018-12-11T16:52:25.,ENGINEER,17 Hickory Street,MILTON,2186
M.,George,Vincent,georgevincent,dcba987854,2009-05-26T13:29:03.,TRADER,29 Smith Street,EARLTON,12058
Mme,Caroline,Mercier,carolinemercier,edcba98965,2019-09-13T10:28:22.,TRADER,37 Second Street,LE ROY,61752
Mme,Claudine,Michel,claudinemichel,fedcba9a76,2011-03-25T09:53:00.,SALES,17 14th Street,WELDON,50264
M.,Louis,Petit,louispetit,gfedcbab87,2008-11-27T12:55:59.,TRADER, ,,
Mme,Danielle,Durand,danielledurand,hgfedcbc98,2010-03-30T13:21:42.,SALES,29 Main Street,RICHARDSVILLE,42270
Mme,Genevieve,Morel,genevievemorel,ihgfedcda9,2006-07-14T10:12:57.,SALES,28 First Street,NEAPOLIS,43547
Mme,Catherine,Martin,catherinemartin,jihgfedeba,2002-01-25T13:54:14.,ENGINEER,29 Johnson Street,WILLIS WHARF,23486
M.,Pascal,Martin,pascalmartin,kjihgfefcb,2009-02-08T16:29:00.,TRADER,22 North Street,LAMBERTVILLE,8530
Mme,Corinne,Dubois,corinnedubois,lkjihgfgdc,2015-08-01T14:36:53.,TRADER,35 10th Street,GARDEN CITY,48135
M.,Nicolas,Dubois,nicolasdubois,mlkjihghed,2003-12-29T11:03:43.,TRADER,34 Cedar Street,POMONA,65789
M.,Philippe,Bernard,philippebernard,nmlkjihife,2013-03-23T10:09:48.,TRADER,6 Laurel Street,CORVALLIS,97333
M.,Jean-Pierre,Dubois,jean-pierredubois,onmlkjijgf,2014-04-05T10:32:26.,ENGINEER,30 1st Street,MAUSTON,53948
M.,Gerard,Vincent,gerardvincent,ponmlkjkhg,2007-05-23T11:08:16.,TRADER,35 Elm Street,ROARING SPRINGS,79256
Mme,Natalie,Roux,natalieroux,qponmlklih,2017-01-29T08:35:49.,SALES,31 Elm Street,TRES PINOS,95075
Mme,Christelle,Leroy,christelleleroy,rqponmlmji,2011-12-30T11:21:59.,TRADER,40 9th Street,HOMESTEAD,15120
Mme,Renee,Durand,reneedurand,srqponmnkj,2005-04-03T16:52:18.,ENGINEER,10 Sunset Street,BETHANY,26032
M.,Louis,Morel,louismorel,tsrqponolk,2011-09-06T08:34:26.,ENGINEER,13 2nd Street,ERIN,14838
M.,Yves,Robert,yvesrobert,utsrqpopml,2020-09-20T08:42:36.,TRADER,6 6th Street,LINEBORO,21088
M.,Julien,Martin,julienmartin,vutsrqpqnm,2020-12-16T13:24:09.,TRADER,36 Park Street,GORHAM,4038
M.,Thierry,Morel,thierrymorel,wvutsrqron,2009-01-30T10:37:14.,TRADER,19 View Street,DALLAS,18690
M.,Andre,Girard,andregirard,xwvutsrspo,2018-04-12T15:24:58.,ENGINEER,47 Dogwood Street,VANDALIA,49095
M.,Franck,Richard,franckrichard,yxwvutstqp,2017-04-23T16:55:05.,ENGINEER,40 1st Street,TEEC NOS POS,86514
M.,Guillaume,Martin,guillaumemartin,zyxwvuturq,2011-10-29T11:20:18.,SALES,44 Highland Street,WOODVILLE,43469
M.,David,Mercier,davidmercier,_zyxwvuvsr,2015-04-03T08:33:40.,ENGINEER,3 Williams Street,HILBERT,54129
M.,Eric,André,ericandré,a_zyxwvwts,2009-07-25T12:03:53.,ENGINEER,20 Railroad Street,CHESTERHILL,43728
Mme,Christiane,Martin,christianemartin,ba_zyxwxut,2017-04-06T09:18:12.,ENGINEER, ,,
M.,Alexandre,Roux,alexandreroux,cba_zyxyvu,2018-05-10T09:18:38.,TRADER,23 Locust Street,CAMDEN,71711
M.,Julien,Michel,julienmichel,dcba_zyzwv,2011-03-13T08:29:58.,SALES,40 Walnut Street,HAINES CITY,33844
Mme,Christelle,Fournier,christellefournier,edcba_z_xw,2017-11-28T14:29:54.,ENGINEER,9 Hill Street,EAST WAKEFIELD,3830
M.,Rene,Roux,reneroux,fedcba_ayx,2001-11-03T12:54:39.,SALES,13 Pine Street,YOLO,95697
M.,Jacques,Simon,jacquessimon,gfedcbabzy,2000-09-10T09:47:53.,SALES,42 Jackson Street,BROOKESMITH,76827
Mme,Michele,Martin,michelemartin,hgfedcbc_z,2010-04-30T13:17:16.,TRADER,14 Ash Street,ELBERON,52225
Mme,Aurelie,Durand,aureliedurand,ihgfedcda_,2015-04-03T10:02:18.,ENGINEER,24 Sycamore Street,MIDDLETON,38052
M.,Bruno,Morel,brunomorel,jihgfedeba,2009-02-17T16:57:31.,SALES,21 6th Street,LAFAYETTE,70503
M.,Robert,Petit,robertpetit,kjihgfefcb,2019-02-23T12:40:58.,SALES,8 2nd Street,WEST CREEK,8092
Mme,Isabelle,Garcia,isabellegarcia,lkjihgfgdc,2016-11-19T13:30:57.,ENGINEER, ,,
M.,Laurent,Michel,laurentmichel,mlkjihghed,2007-08-18T15:58:07.,SALES,36 Wilson Street,CORDER,64021
Mme,Julie,Bertrand,juliebertrand,nmlkjihife,2002-01-14T10:59:47.,TRADER,25 Park Street,WOOD LAKE,69221
Mme,Aurelie,Martin,aureliemartin,onmlkjijgf,2005-05-21T11:28:27.,SALES,47 River Street,CURTISS,54422
M.,Patrick,Martin,patrickmartin,ponmlkjkhg,2004-03-15T12:40:50.,TRADER,33 1st Street,UNION FURNACE,43158
M.,Sebastien,André,sebastienandré,qponmlklih,2020-09-28T14:35:36.,ENGINEER,29 Lake Street,ROOSEVELT,99356
Mme,Andree,Durand,andreedurand,rqponmlmji,2003-04-29T13:28:33.,TRADER,29 Main Street,SMITHTON,62285
Mme,Christine,Lefebvre,christinelefebvre,srqponmnkj,2013-12-24T10:04:52.,ENGINEER,21 Ash Street,PLEASANT MOUNT,18453
Mme,Denise,Thomas,denisethomas,tsrqponolk,2013-07-06T11:54:26.,SALES,46 Birch Street,TOLSTOY,57475
Mme,Jeannine,Martin,jeanninemartin,utsrqpopml,2001-11-30T13:12:27.,TRADER,25 Elm Street,EAST GREENWICH,2818
Mme,Isabelle,Michel,isabellemichel,vutsrqpqnm,2006-12-20T10:56:08.,SALES,27 West Street,FAISON,28341
Mme,Renee,Petit,reneepetit,wvutsrqron,2013-12-11T16:55:27.,ENGINEER, ,,
M.,Andre,Martin,andremartin,xwvutsrspo,2017-12-10T10:16:19.,ENGINEER, ,,
M.,Andre,Durand,andredurand,yxwvutstqp,2019-11-18T13:05:19.,TRADER,34 Taylor Street,SHULLSBURG,53586
Mme,Margeuerite,Moreau,margeueritemoreau,zyxwvuturq,2002-11-01T12:51:44.,ENGINEER,9 Broadway Street,HOLLAND,47541
Mme,Dominique,David,dominiquedavid,0zyxwvuvsr,2008-04-08T11:51:54.,SALES, ,,
Mme,Catherine,David,catherinedavid,10zyxwvwts,2000-01-31T12:47:10.,SALES,34 Third Street,LAUGHLIN,89028
M.,Eric,Michel,ericmichel,210zyxwxut,2019-01-16T10:52:16.,SALES,38 Maple Street,OLDEN,76466
Mme,Michele,Martin,michelemartin,3210zyxyvu,2017-08-15T08:00:56.,SALES,1 1st Street,UNION,97883
M.,Franck,Bertrand,franckbertrand,43210zyzwv,2018-06-26T10:57:28.,SALES,38 Mill Street,LA CANADA FLINTRIDGE,91012
M.,Jacques,Girard,jacquesgirard,543210z0xw,2005-09-16T15:48:12.,ENGINEER,13 8th Street,STINSON BEACH,94970
M.,Nicolas,André,nicolasandré,65432101yx,2007-01-12T15:16:29.,TRADER, ,,
Mme,Marie,Richard,marierichard,76543212zy,2012-05-01T16:10:26.,SALES, ,,
M.,Didier,Fournier,didierfournier,876543230z,2019-07-05T16:23:08.,ENGINEER,14 Second Street,HAYESVILLE,28904
Mme,Cecile,Robert,cecilerobert,9876543510,2012-10-23T14:20:28.,ENGINEER, ,,
Mme,Elisabeth,Lefebvre,elisabethlefebvre,a987654621,2017-11-19T16:22:18.,SALES,24 First Street,VIROQUA,54665
M.,David,Simon,davidsimon,ba98765732,2010-06-29T09:45:40.,TRADER,26 South Street,BARD,92222
Mme,Christiane,Lefebvre,christianelefebvre,cba9876843,2020-07-24T16:32:44.,TRADER,20 Meadow Street,WATERBURY,5671
Mme,Catherine,Lefèvre,catherinelefèvre,dcba987954,2016-10-24T12:11:56.,SALES,19 8th Street,SULLIVAN,61951
Mme,Laurence,Martin,laurencemartin,edcba98a65,2010-03-20T14:16:39.,SALES, ,,
M.,Eric,Girard,ericgirard,fedcba9b76,2013-06-12T09:36:55.,TRADER,26 3rd Street,NEWTON,50208
M.,Nicolas,Martin,nicolasmartin,gfedcbac87,2017-04-17T15:45:17.,ENGINEER,2 Washington Street,BEAVER DAMS,14812
Mme,Natalie,Durand,nataliedurand,hgfedcbd98,2010-09-08T15:39:53.,ENGINEER,34 Poplar Street,PEDRO BAY,99647
M.,Patrick,Vincent,patrickvincent,ihgfedcea9,2004-08-16T11:25:47.,ENGINEER, ,,
Mme,Josette,Girard,josettegirard,jihgfedfba,2006-02-12T10:09:46.,TRADER,48 Ninth Street,MEDLEY,26734
M.,Joseph,Michel,josephmichel,kjihgfegcb,2020-01-21T08:55:24.,TRADER, ,,
Mme,Odette,Michel,odettemichel,lkjihgfhdc,2018-07-26T14:22:18.,SALES, ,,
Mme,Paulette,Bertrand,paulettebertrand,mlkjihgied,2010-09-18T13:47:20.,SALES, ,,
M.,Jean-Pierre,Bertrand,jean-pierrebertrand,nmlkjihjfe,2008-05-26T16:50:21.,SALES, ,,
Mme,Bernadette,Lefebvre,bernadettelefebvre,onmlkjikgf,2015-04-17T10:04:31.,ENGINEER,13 Hill Street,ALLENTOWN,18102
M.,Henri,Leroy,henrileroy,ponmlkjlhg,2020-08-09T10:41:20.,TRADER,49 2nd Street,MILBURN,42070
M.,Rene,Lefebvre,renelefebvre,qponmlkmih,2011-05-12T10:10:08.,ENGINEER,39 Washington Street,EARLHAM,50072
M.,Jacques,Robert,jacquesrobert,rqponmlnji,2002-12-04T16:18:02.,SALES,28 College Street,PALMDALE,93591
M.,Thomas,Bernard,thomasbernard,srqponmokj,2010-07-08T13:22:09.,TRADER,8 Mill Street,BENSON,21018
M.,Jerome,Girard,jeromegirard,tsrqponplk,2006-08-20T11:37:02.,TRADER,13 6th Street,CYPRESS,62923
M.,Alain,Martin,alainmartin,utsrqpoqml,2003-05-01T14:36:05.,SALES,26 Wilson Street,WEST FORKS,4985
Mme,Bernadette,Mercier,bernadettemercier,vutsrqprnm,2013-05-06T11:33:49.,ENGINEER,39 Locust Street,PISEK,58273
Mme,Danielle,Richard,daniellerichard,wvutsrqson,2001-07-01T13:49:39.,SALES, ,,
M.,Frederic,Bernard,fredericbernard,xwvutsrtpo,2007-10-23T15:40:48.,ENGINEER,6 4th Street,ANTHEM,85086
Mme,Nicole,Leroy,nicoleleroy,yxwvutsuqp,2010-07-30T14:08:43.,TRADER,22 Hickory Street,COLONIA,7067
Mme,Renee,Moreau,reneemoreau,zyxwvutvrq,2003-04-11T14:47:24.,SALES,17 Chestnut Street,EPHRATA,98823
M.,Pierre,Garcia,pierregarcia,_zyxwvuwsr,2004-10-30T08:19:31.,TRADER, ,,
M.,Maurice,Thomas,mauricethomas,a_zyxwvxts,2000-12-25T10:37:19.,SALES, ,,
Mme,Florence,Fournier,florencefournier,ba_zyxwyut,2004-11-01T14:07:15.,TRADER,42 Poplar Street,LAKE CLEAR,12945
Mme,Genevieve,Thomas,genevievethomas,cba_zyxzvu,2007-05-22T16:58:03.,TRADER,27 Walnut Street,MUNDAY,76371
M.,Louis,Robert,louisrobert,dcba_zy_wv,2011-08-18T11:20:53.,SALES,45 Oak Street,GOSHEN,36035
M.,Sebastien,Martin,sebastienmartin,edcba_zaxw,2015-07-19T16:02:04.,TRADER,46 2nd Street,NEMOURS,24738
M.,Roger,Michel,rogermichel,fedcba_byx,2012-07-14T14:50:03.,ENGINEER,39 Hickory Street,CAPE CANAVERAL,32920
M.,Christophe,Roux,christopheroux,gfedcbaczy,2007-07-07T08:19:10.,ENGINEER,39 Franklin Street,FORKS OF SALMON,96031
Mme,Celine,Laurent,celinelaurent,hgfedcbd_z,2009-12-11T08:23:06.,TRADER,2 West Street,HANNIBAL,54439
M.,Frederic,Vincent,fredericvincent,ihgfedcea_,2007-08-09T09:08:09.,TRADER,12 Main Street,SIDNEY CENTER,13839
Mme,Jeanne,Durand,jeannedurand,jihgfedfba,2020-02-06T11:43:34.,SALES, ,,
Mme,Audrey,Michel,audreymichel,kjihgfegcb,2013-05-29T14:48:21.,ENGINEER,18 Elm Street,BATTLE CREEK,51006
Mme,Annie,Martin,anniemartin,lkjihgfhdc,2000-10-13T10:56:54.,ENGINEER,5 College Street,SHELTER ISLAND HEIGHTS,11965
Mme,Renee,Simon,reneesimon,mlkjihgied,2011-06-25T14:38:38.,TRADER,25 Madison Street,MULBERRY,66756
M.,Julien,Dubois,juliendubois,nmlkjihjfe,2015-02-21T11:25:44.,ENGINEER,6 Fourth Street,MCMINNVILLE,97128
M.,Claude,Bertrand,claudebertrand,onmlkjikgf,2014-09-01T08:31:54.,ENGINEER,11 Pine Street,COLUMBIA,23038
M.,Christophe,Lefèvre,christophelefèvre,ponmlkjlhg,2020-03-14T12:15:48.,SALES, ,,
M.,Joseph,Garcia,josephgarcia,qponmlkmih,2001-02-14T12:55:49.,TRADER,31 Washington Street,ORCHARD,50460
Mme,Josette,Leroy,josetteleroy,rqponmlnji,2014-07-20T12:36:51.,TRADER,34 Adams Street,POINT ROBERTS,98281
M.,Laurent,Martin,laurentmartin,srqponmokj,2008-04-29T12:28:55.,ENGINEER,14 Lake Street,GAY,25244
Mme,Andree,Fournier,andreefournier,tsrqponplk,2012-04-05T10:58:41.,ENGINEER,4 Green Street,COSBY,64436
Mme,Caroline,Thomas,carolinethomas,utsrqpoqml,2020-08-08T13:16:13.,TRADER,7 6th Street,NEMO,57759
Mme,Anne,Fournier,annefournier,vutsrqprnm,2005-04-23T15:20:31.,TRADER, ,,
Mme,Elisabeth,Simon,elisabethsimon,wvutsrqson,2006-03-31T12:40:34.,SALES,43 East Street,DOUGLAS CITY,96024
Mme,Anne,Robert,annerobert,xwvutsrtpo,2016-03-15T15:55:16.,TRADER,7 College Street,PINE KNOT,42635
Mme,Christiane,Thomas,christianethomas,yxwvutsuqp,2006-04-06T15:10:22.,TRADER,26 Wilson Street,HINESVILLE,31310
Mme,Isabelle,Robert,isabellerobert,zyxwvutvrq,2014-01-29T12:07:28.,TRADER,3 5th Street,CUMMINGS,58223
M.,Julien,André,julienandré,0zyxwvuwsr,2012-09-27T11:01:52.,SALES,24 Mill Street,ABINGDON,24212
M.,Francois,Vincent,francoisvincent,10zyxwvxts,2005-03-01T09:13:59.,ENGINEER,15 Walnut Street,MANHATTAN BEACH,90266
Mme,Odette,Simon,odettesimon,210zyxwyut,2009-04-06T09:02:26.,ENGINEER,23 Elm Street,NEWBERRY,47449
Mme,Natalie,Thomas,nataliethomas,3210zyxzvu,2004-10-25T12:47:50.,TRADER, ,,
M.,Marcel,Girard,marcelgirard,43210zy0wv,2004-02-25T09:40:49.,ENGINEER,33 Cedar Street,STEWARTSVILLE,8886
M.,Philippe,Martin,philippemartin,543210z1xw,2000-02-26T10:11:38.,TRADER, ,,
M.,Pascal,Dubois,pascaldubois,65432102yx,2016-07-11T15:21:12.,ENGINEER,23 Elm Street,MONTICELLO,61856
M.,George,David,georgedavid,76543213zy,2017-05-14T14:46:31.,ENGINEER,7 14th Street,CASSVILLE,13318
Mme,Claire,Simon,clairesimon,876543240z,2016-09-06T16:36:27.,SALES, ,,
M.,Guy,Martin,guymartin,9876543610,2003-11-15T10:27:29.,ENGINEER,30 Oak Street,LEVASY,64066
M.,Yves,Lefebvre,yveslefebvre,a987654721,2018-02-16T13:11:32.,TRADER,29 Mill Street,BAXTER,40806
Mme,Danielle,Michel,daniellemichel,ba98765832,2011-04-02T12:07:37.,SALES,2 Eleventh Street,WILMAR,71675
M.,Maurice,Simon,mauricesimon,cba9876943,2014-10-02T09:33:37.,ENGINEER, ,,
M.,Jacques,Dubois,jacquesdubois,dcba987a54,2005-06-23T15:52:32.,TRADER,11 West Street,NEW RIEGEL,44853
Mme,Marie,Martin,mariemartin,edcba98b65,2007-09-04T08:09:05.,TRADER,41 5th Street,LYMAN,29365
Mme,Jacqueline,Bertrand,jacquelinebertrand,fedcba9c76,2017-10-15T15:50:32.,SALES, ,,
Mme,Annie,David,anniedavid,gfedcbad87,2019-07-12T12:24:43.,SALES, ,,
Mme,Corinne,Martin,corinnemartin,hgfedcbe98,2002-07-08T13:33:39.,ENGINEER, ,,
Mme,Chantal,Moreau,chantalmoreau,ihgfedcfa9,2000-07-12T08:16:27.,SALES,35 Oak Street,PORTLAND,48875
Mme,Madeleine,Thomas,madeleinethomas,jihgfedgba,2013-12-26T16:27:52.,ENGINEER, ,,
M.,Bruno,Petit,brunopetit,kjihgfehcb,2006-12-29T12:45:16.,SALES, ,,
Mme,Colette,Petit,colettepetit,lkjihgfidc,2019-11-19T08:51:11.,ENGINEER,45 Maple Street,SNEADS,32460
M.,Joseph,Michel,josephmichel,mlkjihgjed,2006-11-13T09:49:27.,ENGINEER,15 Cedar Street,GREAT MEADOWS,7838
Mme,Laurence,Girard,laurencegirard,nmlkjihkfe,2017-06-12T10:30:22.,ENGINEER, ,,
Mme,Nicole,Leroy,nicoleleroy,onmlkjilgf,2003-03-26T11:41:22.,ENGINEER,23 Davis Street,LOTT,76656
M.,George,Lefebvre,georgelefebvre,ponmlkjmhg,2017-07-24T14:08:36.,SALES,12 Forest Street,COUNCIL BLUFFS,51502
Mme,Elisabeth,Fournier,elisabethfournier,qponmlknih,2012-01-30T15:59:49.,ENGINEER,6 Taylor Street,SEASIDE,93955
M.,Thomas,Fournier,thomasfournier,rqponmloji,2002-11-16T14:09:42.,TRADER,32 Forest Street,PIPPA PASSES,41844
M.,George,Michel,georgemichel,srqponmpkj,2016-12-29T13:44:15.,SALES,28 Washington Street,ZEELAND,49464
Mme,Celine,David,celinedavid,tsrqponqlk,2007-09-07T10:19:34.,ENGINEER,13 Seventh Street,OCONEE,31067
Mme,Audrey,Laurent,audreylaurent,utsrqporml,2011-03-12T11:55:56.,SALES,19 Davis Street,DARTMOUTH,2714
M.,Jean-Pierre,Moreau,jean-pierremoreau,vutsrqpsnm,2002-07-16T12:26:28.,ENGINEER,47 Pine Street,CORE,26529
M.,Daniel,Bernard,danielbernard,wvutsrqton,2013-11-12T08:00:04.,TRADER,49 Ridge Street,CHRISTMAS,32709
Mme,Genevieve,Bernard,genevievebernard,xwvutsrupo,2003-09-16T10:31:35.,TRADER,3 Woodland Street,HALIFAX,24558
Mme,Aurelie,Martin,aureliemartin,yxwvutsvqp,2001-03-16T16:38:08.,TRADER,2 Wilson Street,RODNEY,49342
M.,Marcel,André,marcelandré,zyxwvutwrq,2001-12-11T12:26:59.,ENGINEER, ,,
M.,Henri,Bertrand,henribertrand,_zyxwvuxsr,2002-03-10T10:30:01.,TRADER,35 Broadway Street,SANDY SPRINGS,29677
Mme,Natalie,Mercier,nataliemercier,a_zyxwvyts,2002-10-24T11:42:02.,TRADER, ,,
Mme,Corinne,Martin,corinnemartin,ba_zyxwzut,2008-06-10T09:58:43.,SALES,16 10th Street,WESTPHALIA,65085
M.,Joseph,Fournier,josephfournier,cba_zyx_vu,2015-05-15T12:52:07.,TRADER,17 4th Street,CHIRENO,75937
M.,Yves,Martin,yvesmartin,dcba_zyawv,2015-02-11T11:17:02.,TRADER,46 Washington Street,HELEN,25853
Mme,Madeleine,Martin,madeleinemartin,edcba_zbxw,2014-01-12T08:28:38.,TRADER,6 South Street,EPHRATA,17522
M.,Marc,Martin,marcmartin,fedcba_cyx,2016-04-28T14:56:47.,ENGINEER, ,,
M.,Bruno,Vincent,brunovincent,gfedcbadzy,2010-05-08T11:02:23.,ENGINEER, ,,
Mme,Renee,Mercier,reneemercier,hgfedcbe_z,2004-09-08T09:27:13.,ENGINEER,41 Spring Street,HOPELAND,17533
M.,Roger,Martin,rogermartin,ihgfedcfa_,2011-05-24T09:34:06.,ENGINEER,12 1st Street,HIGHTSTOWN,8520
Mme,Colette,Thomas,colettethomas,jihgfedgba,2008-02-29T16:23:01.,SALES,35 Main Street,CURRAN,48728
M.,Pascal,David,pascaldavid,kjihgfehcb,2002-11-01T16:31:08.,SALES,4 Valley Street,VIOLA,52350
M.,Michel,Martin,michelmartin,lkjihgfidc,2004-08-24T15:19:21.,ENGINEER,14 3rd Street,WILSON,79381
Mme,Claire,Moreau,clairemoreau,mlkjihgjed,2004-09-27T14:52:11.,TRADER,42 Park Street,SAUK CITY,53583
Mme,Florence,Leroy,florenceleroy,nmlkjihkfe,2001-11-08T08:45:12.,SALES,24 Jackson Street,VOTH,77709
M.,Julien,Dubois,juliendubois,onmlkjilgf,2012-04-07T12:16:39.,ENGINEER,23 Spruce Street,MIDDLETOWN,62666
Mme,Andree,Bernard,andreebernard,ponmlkjmhg,2019-08-28T13:18:10.,ENGINEER,13 12th Street,WILLARD,54493
Mme,Danielle,Michel,daniellemichel,qponmlknih,2010-08-08T14:09:32.,SALES,40 Adams Street,VERONA,7044
Mme,Anne,Roux,anneroux,rqponmloji,2016-12-03T09:26:59.,ENGINEER, ,,
Mme,Josette,Dubois,josettedubois,srqponmpkj,2015-05-07T08:21:26.,SALES,16 Cedar Street,BETHALTO,62010
M.,Robert,Durand,robertdurand,tsrqponqlk,2014-06-01T11:04:24.,TRADER, ,,
Mme,Odette,Mercier,odettemercier,utsrqporml,2007-05-30T10:52:17.,ENGINEER,15 2nd Street,PALATINE,60055
M.,Stephane,Mercier,stephanemercier,vutsrqpsnm,2009-04-22T12:21:30.,TRADER,44 Oak Street,HAYNESVILLE,71038
M.,Eric,Thomas,ericthomas,wvutsrqton,2013-03-17T08:01:35.,ENGINEER,8 Franklin Street,AVOCA,53506
M.,Philippe,Lefèvre,philippelefèvre,xwvutsrupo,2014-07-08T08:04:13.,ENGINEER,41 7th Street,GLEN DALE,26038
Mme,Laetitia,David,laetitiadavid,yxwvutsvqp,2010-05-12T14:54:21.,SALES,37 Jackson Street,ANDOVER,5544
Mme,Nicole,Bernard,nicolebernard,zyxwvutwrq,2015-08-30T12:18:16.,SALES,38 1st Street,INGALLS,49848
Mme,Audrey,Thomas,audreythomas,0zyxwvuxsr,2010-04-19T10:37:20.,TRADER,44 Mill Street,RAVENEL,29470
M.,Gerard,Petit,gerardpetit,10zyxwvyts,2010-01-31T14:48:29.,ENGINEER,13 Sixth Street,STEGER,60475
M.,Jean-Pierre,David,jean-pierredavid,210zyxwzut,2002-12-23T16:56:22.,SALES, ,,
Mme,Audrey,Fournier,audreyfournier,3210zyx0vu,2002-06-15T14:52:30.,ENGINEER,32 Broadway Street,CONROY,52220
M.,Serge,Bertrand,sergebertrand,43210zy1wv,2015-10-19T09:29:12.,TRADER,27 Washington Street,HOUSTON,55943
Mme,Julie,David,juliedavid,543210z2xw,2006-05-29T13:59:51.,ENGINEER,40 Sixth Street,COMANCHE,73529
M.,Joseph,Dubois,josephdubois,65432103yx,2004-10-15T12:56:51.,SALES,31 Sixth Street,OBERLIN,44074
Mme,Nicole,Martin,nicolemartin,76543214zy,2017-12-28T11:13:01.,TRADER,7 Miller Street,PRESCOTT,50859
M.,Eric,Morel,ericmorel,876543250z,2014-07-17T14:24:28.,ENGINEER,8 View Street,CLAIRE CITY,57224
M.,Maurice,Morel,mauricemorel,9876543710,2016-09-07T10:02:15.,SALES,17 Hillcrest Street,BAKERS MILLS,12811
Mme,Chantal,Robert,chantalrobert,a987654821,2005-04-06T10:10:12.,TRADER,33 Smith Street,ROCKFORD,35136
M.,Vincent,Dubois,vincentdubois,ba98765932,2003-04-24T11:51:39.,SALES,45 6th Street,STARKSBORO,5487
M.,Dominique,Bernard,dominiquebernard,cba9876a43,2014-07-17T16:28:59.,SALES,41 Sunset Street,JUNE LAKE,93529
M.,Pierre,Durand,pierredurand,dcba987b54,2007-01-19T16:02:15.,SALES,14 Lakeview Street,BRENT,35034
M.,Yves,Michel,yvesmichel,edcba98c65,2000-08-15T12:29:58.,SALES,28 Washington Street,BOGART,30622
M.,Nicolas,Roux,nicolasroux,fedcba9d76,2020-04-09T10:44:44.,TRADER, ,,
Mme,Madeleine,Leroy,madeleineleroy,gfedcbae87,2009-10-13T10:09:10.,TRADER,13 Jefferson Street,VERNON,32462
M.,Francois,Lefebvre,francoislefebvre,hgfedcbf98,2004-08-11T11:29:21.,TRADER,10 Smith Street,TUSCOLA,79562
M.,Michel,Mercier,michelmercier,ihgfedcga9,2020-02-11T08:21:50.,ENGINEER,37 Miller Street,ANDOVER,67002
M.,George,Bertrand,georgebertrand,jihgfedhba,2005-12-31T16:54:23.,TRADER, ,,
Mme,Audrey,Roux,audreyroux,kjihgfeicb,2008-08-22T10:54:48.,ENGINEER,1 Pine Street,LEARY,31762
M.,Daniel,Martin,danielmartin,lkjihgfjdc,2002-12-23T12:54:16.,TRADER,47 Valley Street,AVA,43711
M.,Paul,Robert,paulrobert,mlkjihgked,2005-09-16T13:26:53.,ENGINEER,7 10th Street,PERU,61354
Mme,Josette,Richard,josetterichard,nmlkjihlfe,2012-12-06T09:20:51.,ENGINEER,16 Locust Street,HOLMES,12531
Mme,Corinne,Martin,corinnemartin,onmlkjimgf,2020-11-19T12:24:07.,ENGINEER,31 Poplar Street,SOUTH POMFRET,5067
M.,Robert,Richard,robertrichard,ponmlkjnhg,2007-09-17T11:29:23.,ENGINEER,30 Adams Street,WEESATCHE,77993
Mme,Catherine,Morel,catherinemorel,qponmlkoih,2003-04-04T15:44:42.,ENGINEER,21 Lake Street,MOLINE,61265
Mme,Laetitia,Thomas,laetitiathomas,rqponmlpji,2003-07-05T16:53:47.,TRADER, ,,
M.,Nicolas,Bernard,nicolasbernard,srqponmqkj,2012-07-21T11:37:44.,ENGINEER,42 East Street,WEST MEMPHIS,72301
M.,Alain,Durand,alaindurand,tsrqponrlk,2011-05-31T13:28:20.,ENGINEER,24 2nd Street,CHARLOTTE,37036
Mme,Elodie,Martin,elodiemartin,utsrqposml,2015-07-22T13:15:05.,ENGINEER, ,,
M.,Nicolas,Bernard,nicolasbernard,vutsrqptnm,2005-10-12T11:34:37.,TRADER,12 Smith Street,SCHENLEY,15682
M.,Christian,Mercier,christianmercier,wvutsrquon,2000-07-31T16:40:35.,TRADER,22 Pine Street,CHUNKY,39323
M.,Christophe,Martin,christophemartin,xwvutsrvpo,2003-12-13T11:06:57.,TRADER,20 Third Street,KINDERHOOK,62345
Mme,Christiane,Leroy,christianeleroy,yxwvutswqp,2003-05-20T16:36:38.,ENGINEER,49 12th Street,MCCLELLAN AFB,95652
Mme,Michele,David,micheledavid,zyxwvutxrq,2013-11-14T13:58:36.,SALES,47 Dogwood Street,DAWSON,62520
M.,Francois,Moreau,francoismoreau,_zyxwvuysr,2020-06-19T15:05:44.,SALES,50 Ash Street,KATTSKILL BAY,12844
Mme,Julie,Bernard,juliebernard,a_zyxwvzts,2019-08-05T14:19:48.,ENGINEER,14 Broadway Street,CRIPPLE CREEK,24322
Mme,Audrey,Morel,audreymorel,ba_zyxw_ut,2005-02-05T13:38:07.,ENGINEER,4 Lakeview Street,WEST LAFAYETTE,47907
M.,Didier,Martin,didiermartin,cba_zyxavu,2020-11-04T08:39:48.,TRADER, ,,
Mme,Patricia,Martin,patriciamartin,dcba_zybwv,2004-06-03T10:38:24.,TRADER,8 Sixth Street,BANGOR,4401
M.,Sebastien,Durand,sebastiendurand,edcba_zcxw,2019-11-11T13:44:06.,SALES,14 River Street,THREE RIVERS,1080
M.,Marc,Petit,marcpetit,fedcba_dyx,2012-02-24T13:52:29.,TRADER,15 North Street,HANNA,84031
M.,Jean-Pierre,Thomas,jean-pierrethomas,gfedcbaezy,2005-08-23T13:19:53.,SALES,21 3rd Street,WALKERSVILLE,26447
M.,Jerome,Durand,jeromedurand,hgfedcbf_z,2010-12-04T16:02:35.,SALES,44 Hickory Street,MONTEZUMA,28653
Mme,Josette,Lefebvre,josettelefebvre,ihgfedcga_,2014-09-12T13:47:07.,TRADER,2 Adams Street,PATRICK SPRINGS,24133
M.,Marc,Mercier,marcmercier,jihgfedhba,2006-04-16T12:52:53.,ENGINEER,46 Franklin Street,PINE BUSH,12566
Mme,Isabelle,Lefebvre,isabellelefebvre,kjihgfeicb,2013-03-06T11:52:47.,TRADER,29 12th Street,SANTA ANNA,76878
M.,Claude,Lefebvre,claudelefebvre,lkjihgfjdc,2002-07-13T09:46:42.,SALES,39 First Street,GALETON,80622
Mme,Florence,Martin,florencemartin,mlkjihgked,2015-04-15T08:17:34.,SALES,7 Cedar Street,BLUNT,57522
Mme,Odette,Simon,odettesimon,nmlkjihlfe,2020-02-17T12:52:47.,SALES,11 Laurel Street,SINKING SPRING,45172
M.,Roger,Leroy,rogerleroy,onmlkjimgf,2002-11-06T08:41:45.,TRADER, ,,
Mme,Christiane,Lefebvre,christianelefebvre,ponmlkjnhg,2003-06-24T09:24:31.,TRADER,42 Walnut Street,SUGAR GROVE,26815
Mme,Cecile,Bernard,cecilebernard,qponmlkoih,2009-02-08T09:14:47.,ENGINEER,23 5th Street,PERRY,29124
Mme,Genevieve,Richard,genevieverichard,rqponmlpji,2006-01-03T15:31:53.,TRADER,10 Spring Street,GUNLOCK,84733
M.,Didier,Garcia,didiergarcia,srqponmqkj,2019-01-24T12:34:26.,TRADER,20 Spring Street,NEVADA,50201
Mme,Caroline,Michel,carolinemichel,tsrqponrlk,2012-11-22T10:51:16.,TRADER,18 Spring Street,ANTHONY,67003
Mme,Anne,Bernard,annebernard,utsrqposml,2004-03-09T09:07:20.,ENGINEER,14 8th Street,ROGERS,55374
M.,Nicolas,Petit,nicolaspetit,vutsrqptnm,2009-07-14T15:55:09.,ENGINEER, ,,
M.,Marcel,David,marceldavid,wvutsrquon,2014-03-09T11:52:12.,TRADER,49 Second Street,SUTTER,62373
Mme,Patricia,Dubois,patriciadubois,xwvutsrvpo,2009-11-13T16:29:30.,SALES,9 Mill Street,KEEZLETOWN,22832
Mme,Aurelie,Moreau,aureliemoreau,yxwvutswqp,2006-02-09T13:59:28.,ENGINEER,49 Spring Street,BUCKHOLTS,76518
M.,Paul,Robert,paulrobert,zyxwvutxrq,2003-06-14T11:33:27.,ENGINEER,38 Jackson Street,GLENFORD,12433
M.,Bruno,Mercier,brunomercier,0zyxwvuysr,2003-05-10T13:31:59.,ENGINEER,48 Highland Street,ELKADER,52043
M.,Vincent,Bernard,vincentbernard,10zyxwvzts,2019-09-09T09:30:45.,ENGINEER,46 Lincoln Street,COPELAND,67837
M.,Sebastien,Thomas,sebastienthomas,210zyxw0ut,2015-03-26T09:45:46.,TRADER,46 Church Street,MC MECHEN,26040
Mme,Odette,Thomas,odettethomas,3210zyx1vu,2011-08-15T08:49:24.,SALES,22 Poplar Street,JUDITH GAP,59453
Mme,Francoise,Laurent,francoiselaurent,43210zy2wv,2007-04-24T08:57:33.,SALES,35 Franklin Street,ALPHA,56111
M.,Jean-Pierre,Bernard,jean-pierrebernard,543210z3xw,2018-04-25T13:16:56.,SALES,21 South Street,POLLARD,72456
M.,Marc,Martin,marcmartin,65432104yx,2004-12-01T13:22:21.,TRADER,42 Chestnut Street,WYANET,61379
Mme,Madeleine,Dubois,madeleinedubois,76543215zy,2018-05-28T09:27:58.,SALES,3 Washington Street,TUCKER,72168
M.,Vincent,André,vincentandré,876543260z,2000-04-16T15:17:30.,TRADER,25 East Street,TASLEY,23441
M.,Christophe,Vincent,christophevincent,9876543810,2018-10-25T08:37:26.,SALES,9 Highland Street,FRESH MEADOWS,11365
Mme,Paulette,Durand,paulettedurand,a987654921,2016-03-27T17:35:04.,TRADER,5 Lake Street,WALLS,38680
M.,Sebastien,Bernard,sebastienbernard,ba98765a32,2010-08-22T11:34:08.,ENGINEER,20 12th Street,JARALES,87023
M.,Gerard,Martin,gerardmartin,cba9876b43,2001-03-19T16:34:59.,ENGINEER,14 15th Street,MANILLA,46150
Mme,Renee,André,reneeandré,dcba987c54,2020-07-03T15:52:42.,SALES,50 Washington Street,CREEDMOOR,27522
Mme,Marcelle,Martin,marcellemartin,edcba98d65,2020-08-22T08:21:56.,SALES,20 Locust Street,WAYNESVILLE,28786
M.,Joseph,Thomas,josephthomas,fedcba9e76,2006-04-25T16:39:28.,SALES,44 2nd Street,BURNSIDE,70738
M.,Henri,Laurent,henrilaurent,gfedcbaf87,2015-01-20T12:42:01.,SALES,13 Green Street,MILLMONT,17845
M.,George,Simon,georgesimon,hgfedcbg98,2019-03-29T16:10:29.,TRADER,4 Williams Street,LEOTI,67861
Mme,Jeanne,Leroy,jeanneleroy,ihgfedcha9,2008-02-26T08:57:40.,ENGINEER,43 Maple Street,MUSCADINE,36269
M.,Jean-Pierre,Martin,jean-pierremartin,jihgfediba,2006-06-19T15:54:28.,SALES,45 North Street,LAFITTE,70067
M.,Bernard,Martin,bernardmartin,kjihgfejcb,2017-12-26T09:31:53.,ENGINEER,25 Davis Street,HELEN,25853
M.,Bernard,Moreau,bernardmoreau,lkjihgfkdc,2005-01-05T14:36:02.,TRADER,44 9th Street,HI HAT,41636
M.,Claude,Roux,clauderoux,mlkjihgled,2015-11-05T12:41:57.,SALES,6 Church Street,MONTPELIER,5620
Mme,Josette,Michel,josettemichel,nmlkjihmfe,2005-07-06T12:19:11.,ENGINEER,43 Center Street,SLATE RUN,17769
Mme,Michele,Bernard,michelebernard,onmlkjingf,2013-10-30T14:41:54.,ENGINEER,7 2nd Street,MORGANVILLE,7751
Mme,Annie,Bernard,anniebernard,ponmlkjohg,2017-10-29T07:32:07.,ENGINEER,4 Walnut Street,MILL CREEK,46365
M.,Claude,Bernard,claudebernard,qponmlkpih,2003-11-21T13:04:09.,TRADER,4 Birch Street,CHIMNEY ROCK,81127
M.,Vincent,André,vincentandré,rqponmlqji,2016-02-28T14:29:24.,SALES,37 First Street,FALKVILLE,35622
M.,Alexandre,Leroy,alexandreleroy,srqponmrkj,2012-06-28T13:06:47.,SALES,15 Church Street,RIVER ROUGE,48218
M.,Guillaume,Thomas,guillaumethomas,tsrqponslk,2013-04-17T12:12:13.,ENGINEER,25 Tenth Street,MECHANICSBURG,62545
Mme,Jeannine,Laurent,jeanninelaurent,utsrqpotml,2014-11-13T11:10:30.,SALES,46 Mill Street,FORT BENTON,59442
Mme,Jeanne,Martin,jeannemartin,vutsrqpunm,2000-02-27T14:38:25.,SALES,50 Lakeview Street,LANGHORNE,19048
M.,Nicolas,Durand,nicolasdurand,wvutsrqvon,2013-09-14T14:28:33.,TRADER,5 Oak Street,CIRCLEVILLE,26804
Mme,Elisabeth,Martin,elisabethmartin,xwvutsrwpo,2006-10-13T13:15:56.,TRADER, ,,
Mme,Dominique,Martin,dominiquemartin,yxwvutsxqp,2006-04-29T08:10:55.,ENGINEER,34 Railroad Street,LAKEVILLE,55044
M.,Olivier,Thomas,olivierthomas,zyxwvutyrq,2000-07-31T11:23:20.,TRADER,37 Taylor Street,BEN BOLT,78342
Mme,Genevieve,Lefèvre,genevievelefèvre,_zyxwvuzsr,2009-11-21T16:45:48.,ENGINEER,16 Lincoln Street,HARDINSBURG,40143
Mme,Laetitia,Martin,laetitiamartin,a_zyxwv_ts,2017-03-06T12:28:12.,SALES,9 Madison Street,ARBYRD,63821
Mme,Chantal,Martin,chantalmartin,ba_zyxwaut,2014-10-19T12:47:31.,SALES, ,,
M.,Guillaume,Petit,guillaumepetit,cba_zyxbvu,2017-04-09T12:07:11.,SALES,3 Jackson Street,SAULSVILLE,25876
M.,Michel,Michel,michelmichel,dcba_zycwv,2004-09-29T08:03:42.,SALES,46 View Street,ROME CITY,46784
Mme,Audrey,David,audreydavid,edcba_zdxw,2005-03-19T15:06:40.,TRADER,40 Washington Street,VALPARAISO,46385
M.,George,Lefèvre,georgelefèvre,fedcba_eyx,2008-05-26T14:22:44.,SALES, ,,
Mme,Anne,Dubois,annedubois,gfedcbafzy,2020-03-07T14:28:34.,SALES,24 Center Street,SOUTH OTSELIC,13155
Mme,Michele,André,micheleandré,hgfedcbg_z,2018-11-27T13:19:46.,TRADER,20 7th Street,NEW ROADS,70760
Mme,Francoise,Fournier,francoisefournier,ihgfedcha_,2016-06-29T11:05:49.,SALES,9 Spruce Street,WESTOVER,16692
Mme,Jeanne,Vincent,jeannevincent,jihgfediba,2014-09-13T16:35:51.,TRADER,30 Sixth Street,BAYSIDE,11361
M.,Christian,Durand,christiandurand,kjihgfejcb,2008-05-20T15:59:18.,SALES, ,,
Mme,Danielle,Moreau,daniellemoreau,lkjihgfkdc,2017-02-14T14:27:42.,TRADER, ,,
Mme,Monique,Mercier,moniquemercier,mlkjihgled,2003-08-17T11:04:05.,ENGINEER, ,,
Mme,Nicole,Thomas,nicolethomas,nmlkjihmfe,2010-04-08T08:00:19.,SALES,23 Park Street,BISON,57620
M.,Thierry,Thomas,thierrythomas,onmlkjingf,2011-11-09T13:46:55.,TRADER,21 15th Street,BREA,92822
M.,Marc,Thomas,marcthomas,ponmlkjohg,2015-10-15T09:21:04.,ENGINEER,7 Hickory Street,HICKORY CORNERS,49060
Mme,Elisabeth,Durand,elisabethdurand,qponmlkpih,2007-02-07T12:15:52.,ENGINEER,50 Valley Street,ROSE HILL,67133
Mme,Christine,André,christineandré,rqponmlqji,2018-02-10T08:51:44.,TRADER, ,,
M.,Francois,Bernard,francoisbernard,srqponmrkj,2016-03-08T10:34:39.,ENGINEER, ,,
Mme,Caroline,Robert,carolinerobert,tsrqponslk,2001-12-26T15:02:11.,TRADER, ,,
Mme,Josette,Martin,josettemartin,utsrqpotml,2011-09-14T14:50:05.,ENGINEER, ,,
Mme,Aurelie,Martin,aureliemartin,vutsrqpunm,2019-05-09T10:10:48.,ENGINEER,1 1st Street,LOOMIS,98827
Mme,Jeanne,Fournier,jeannefournier,wvutsrqvon,2016-03-05T13:14:54.,ENGINEER,30 7th Street,GILLIAM,71029
Mme,Annie,Thomas,anniethomas,xwvutsrwpo,2011-01-31T11:31:07.,ENGINEER,19 Sixth Street,ADJUNTAS,601
M.,Sebastien,Robert,sebastienrobert,yxwvutsxqp,2015-11-21T15:49:47.,ENGINEER,3 Sycamore Street,RIVERDALE,60827
Mme,Laetitia,Lefèvre,laetitialefèvre,zyxwvutyrq,2008-11-15T13:39:58.,SALES,42 1st Street,SEARSPORT,4974
Mme,Odette,Mercier,odettemercier,0zyxwvuzsr,2012-03-17T12:57:15.,TRADER,28 Franklin Street,EAST AURORA,14052
M.,Francois,Durand,francoisdurand,10zyxwv0ts,2017-08-20T11:22:24.,TRADER,50 3rd Street,KILL BUCK,14748
M.,Serge,Bernard,sergebernard,210zyxw1ut,2016-07-09T10:32:17.,TRADER,5 Park Street,CLIFTY,42216
Mme,Elodie,Durand,elodiedurand,3210zyx2vu,2012-07-15T14:38:12.,SALES,36 2nd Street,RAYMOND,39154
Mme,Nicole,Martin,nicolemartin,43210zy3wv,2019-06-17T14:49:07.,ENGINEER,9 Franklin Street,APULIA STATION,13020
Mme,Michele,Michel,michelemichel,543210z4xw,2016-01-09T09:49:04.,TRADER,2 Lee Street,HOLBROOK,11741
Mme,Christine,Lefèvre,christinelefèvre,65432105yx,2010-01-08T11:19:46.,SALES,47 Willow Street,CEDAR GROVE,25039
Mme,Dominique,Roux,dominiqueroux,76543216zy,2009-02-06T16:28:28.,TRADER,32 East Street,ALTUS,73521
M.,Andre,Lefebvre,andrelefebvre,876543270z,2000-10-22T16:34:51.,TRADER,42 Williams Street,MANCHESTER,40962
Mme,Elodie,André,elodieandré,9876543910,2012-06-25T16:10:32.,SALES,38 4th Street,PETROLIA,16050
M.,Pierre,Girard,pierregirard,a987654a21,2007-03-09T11:56:49.,SALES,46 College Street,OLA,83657
M.,Thierry,Laurent,thierrylaurent,ba98765b32,2012-03-19T16:55:29.,SALES,47 Eleventh Street,GLEN CAMPBELL,15742
Mme,Marcelle,Roux,marcelleroux,cba9876c43,2019-12-21T08:56:23.,TRADER,13 Birch Street,SHADY COVE,97539
Mme,Anne,Michel,annemichel,dcba987d54,2006-04-24T12:20:23.,ENGINEER,23 Poplar Street,PELION,29123
Mme,Helene,Simon,helenesimon,edcba98e65,2013-04-04T15:15:13.,TRADER,19 Locust Street,BUCKNER,40010
M.,Didier,Lefebvre,didierlefebvre,fedcba9f76,2005-09-05T15:50:55.,ENGINEER,21 Davis Street,MC COY,80463
M.,Pascal,Laurent,pascallaurent,gfedcbag87,2004-12-16T09:21:32.,SALES,20 2nd Street,TIE SIDING,82084
M.,Laurent,Bernard,laurentbernard,hgfedcbh98,2018-08-09T12:00:45.,SALES,31 Second Street,ELDRIDGE,35554
M.,Roger,Fournier,rogerfournier,ihgfedcia9,2008-01-02T14:14:51.,ENGINEER,10 5th Street,HARRISON,45030
M.,Alexandre,Martin,alexandremartin,jihgfedjba,2007-03-20T10:03:55.,ENGINEER,33 Park Street,TRELOAR,63378
Mme,Christiane,Richard,christianerichard,kjihgfekcb,2020-12-10T13:03:20.,SALES,40 9th Street,MENTMORE,87319
M.,Laurent,Vincent,laurentvincent,lkjihgfldc,2017-03-28T15:04:13.,SALES, ,,
Mme,Bernadette,Vincent,bernadettevincent,mlkjihgmed,2006-05-01T09:35:16.,ENGINEER,37 Williams Street,ROCKHILL FURNACE,17249
M.,Jean-Pierre,Vincent,jean-pierrevincent,nmlkjihnfe,2019-06-25T16:05:46.,TRADER,48 Central Street,WATERFORD,16441
Mme,Danielle,Vincent,daniellevincent,onmlkjiogf,2001-11-07T16:33:45.,SALES, ,,
M.,Maurice,Richard,mauricerichard,ponmlkjphg,2003-03-12T10:57:27.,SALES, ,,
M.,Patrick,Robert,patrickrobert,qponmlkqih,2018-03-06T12:58:51.,TRADER,31 Chestnut Street,ADMIRE,66830
Mme,Elisabeth,Moreau,elisabethmoreau,rqponmlrji,2017-02-02T11:05:39.,TRADER,28 Park Street,JERSEY CITY,7307
Mme,Paulette,Simon,paulettesimon,srqponmskj,2012-03-24T11:39:49.,SALES, ,,
M.,Louis,Leroy,louisleroy,tsrqpontlk,2016-07-06T15:46:04.,SALES, ,,
Mme,Genevieve,Leroy,genevieveleroy,utsrqpouml,2000-11-02T14:05:15.,TRADER,12 Highland Street,TALCOTT,24981
M.,Jacques,Dubois,jacquesdubois,vutsrqpvnm,2002-06-04T09:41:25.,TRADER,15 College Street,NORTH BLENHEIM,12131
M.,Roger,Lefebvre,rogerlefebvre,wvutsrqwon,2002-08-03T15:40:34.,SALES,28 Adams Street,MENTCLE,15761
Mme,Anne,André,anneandré,xwvutsrxpo,2006-04-16T11:24:01.,SALES, ,,
Mme,Caroline,Morel,carolinemorel,yxwvutsyqp,2009-11-02T12:29:18.,ENGINEER,15 Cedar Street,LAKESIDE,97449
Mme,Elodie,Morel,elodiemorel,zyxwvutzrq,2008-03-01T13:36:13.,ENGINEER,12 Washington Street,CHINO,91710
M.,Michel,Robert,michelrobert,_zyxwvu_sr,2010-09-13T08:59:30.,TRADER,35 Park Street,CHRISTIANSBURG,45389
M.,Thomas,Petit,thomaspetit,a_zyxwvats,2016-07-30T13:10:00.,ENGINEER,45 Cedar Street,MADRAS,97741
Mme,Catherine,Richard,catherinerichard,ba_zyxwbut,2011-01-14T11:28:04.,ENGINEER,6 Cedar Street,SPELTER,26438
M.,Jacques,Garcia,jacquesgarcia,cba_zyxcvu,2006-03-31T09:07:17.,SALES,41 Church Street,BEEVILLE,78102
M.,Nicolas,Morel,nicolasmorel,dcba_zydwv,2004-04-25T16:01:28.,ENGINEER,18 10th Street,BEAVER,15009
M.,Francois,Roux,francoisroux,edcba_zexw,2012-08-17T14:06:05.,TRADER,4 Sixth Street,WAITE PARK,56387
M.,Thomas,Richard,thomasrichard,fedcba_fyx,2020-05-03T15:47:25.,SALES,8 Sycamore Street,HARMONY,55939
M.,Gerard,Martin,gerardmartin,gfedcbagzy,2000-04-25T08:56:38.,SALES,12 Seventh Street,CHESTER,52134
M.,Michel,Robert,michelrobert,hgfedcbh_z,2007-02-21T10:10:23.,ENGINEER,32 Woodland Street,SAVANNAH,31422
M.,Didier,Robert,didierrobert,ihgfedcia_,2011-05-17T10:29:04.,ENGINEER,45 Lee Street,CLINTON,73601
M.,Stephane,Robert,stephanerobert,jihgfedjba,2019-11-07T08:50:21.,ENGINEER, ,,
M.,Bernard,Martin,bernardmartin,kjihgfekcb,2010-05-27T14:44:23.,TRADER,36 Valley Street,GRELTON,43523
Mme,Laetitia,Dubois,laetitiadubois,lkjihgfldc,2010-03-07T08:29:20.,ENGINEER,3 Sixth Street,WALDORF,20603
Mme,Elisabeth,Martin,elisabethmartin,mlkjihgmed,2016-12-04T15:50:34.,TRADER,46 Cherry Street,TYRONE,16686
M.,Christian,Simon,christiansimon,nmlkjihnfe,2000-07-28T08:15:10.,SALES, ,,
Mme,Natalie,Simon,nataliesimon,onmlkjiogf,2000-03-12T10:11:59.,SALES,11 Hillcrest Street,LU VERNE,50560
Mme,Margeuerite,Lefebvre,margeueritelefebvre,ponmlkjphg,2011-07-20T10:11:07.,SALES, ,,
Mme,Jeanne,Garcia,jeannegarcia,qponmlkqih,2008-04-23T16:30:34.,SALES,36 3rd Street,MADISON,21648
M.,Alain,Bernard,alainbernard,rqponmlrji,2014-04-24T12:19:48.,SALES,15 4th Street,WALBURG,78673
M.,Alain,Richard,alainrichard,srqponmskj,2013-01-28T09:20:54.,SALES,2 9th Street,PANAMA,14767
M.,Yves,Vincent,yvesvincent,tsrqpontlk,2005-03-29T10:13:08.,TRADER,44 Sycamore Street,MILO,64767
Mme,Isabelle,Richard,isabellerichard,utsrqpouml,2012-09-30T14:24:34.,ENGINEER,13 Railroad Street,NIAGARA UNIVERSITY,14109
M.,Gerard,Thomas,gerardthomas,vutsrqpvnm,2012-12-29T16:46:03.,TRADER,33 Third Street,HARLEIGH,18225
M.,Jerome,Mercier,jeromemercier,wvutsrqwon,2004-02-11T09:58:19.,ENGINEER,9 Willow Street,INDEPENDENCE,41051
M.,Andre,Dubois,andredubois,xwvutsrxpo,2000-07-27T12:09:19.,TRADER, ,,
M.,Andre,Michel,andremichel,yxwvutsyqp,2017-09-18T16:52:22.,ENGINEER,18 Lee Street,MONTROSS,22520
M.,Thierry,Michel,thierrymichel,zyxwvutzrq,2009-11-27T12:02:52.,SALES, ,,
M.,Franck,Thomas,franckthomas,0zyxwvu0sr,2003-01-26T14:28:47.,SALES,26 1st Street,CHARLEMONT,1339
M.,Pascal,Martin,pascalmartin,10zyxwv1ts,2020-02-23T08:14:53.,TRADER,10 Lake Street,GORDON,36343
M.,Frederic,Martin,fredericmartin,210zyxw2ut,2014-02-01T14:28:11.,TRADER,50 Forest Street,MACCLENNY,32063
M.,Jerome,Girard,jeromegirard,3210zyx3vu,2015-10-11T11:33:07.,SALES,50 Hill Street,MOYIE SPRINGS,83845
M.,Michel,Dubois,micheldubois,43210zy4wv,2016-05-10T08:07:16.,ENGINEER, ,,
M.,Philippe,Bernard,philippebernard,543210z5xw,2016-10-05T15:00:07.,SALES,11 Hillcrest Street,TENNESSEE COLONY,75886
M.,Gerard,Mercier,gerardmercier,65432106yx,2000-06-05T12:52:52.,ENGINEER,34 Central Street,DISTANT,16223
M.,Serge,Simon,sergesimon,76543217zy,2011-01-26T08:02:54.,SALES,3 4th Street,CIALES,638
M.,Joseph,André,josephandré,876543280z,2012-11-29T16:48:54.,TRADER,23 Sunset Street,CORINNE,84307
Mme,Celine,Robert,celinerobert,9876543a10,2012-08-24T11:59:24.,SALES,45 Valley Street,BARRON,54812
Mme,Dominique,Robert,dominiquerobert,a987654b21,2001-11-15T13:57:11.,ENGINEER,33 Wilson Street,WOODBRIDGE,95258
Mme,Jeannine,Robert,jeanninerobert,ba98765c32,2012-04-04T15:38:22.,TRADER,1 River Street,JESSIE,58452
Mme,Margeuerite,Leroy,margeueriteleroy,cba9876d43,2002-03-17T08:14:53.,TRADER,1 Lincoln Street,HEPHZIBAH,30815
Mme,Julie,Simon,juliesimon,dcba987e54,2012-05-02T15:33:10.,ENGINEER,46 Sycamore Street,DILLINER,15327
M.,Marcel,Richard,marcelrichard,edcba98f65,2002-03-26T15:03:39.,SALES,11 15th Street,DELAPLANE,20144
M.,Henri,Martin,henrimartin,fedcba9g76,2010-01-19T15:40:10.,TRADER,24 Ridge Street,ELMORE,56027
Mme,Paulette,Richard,pauletterichard,gfedcbah87,2015-04-21T12:50:14.,TRADER,29 Hill Street,ASHBY,56309
Mme,Natalie,Petit,nataliepetit,hgfedcbi98,2003-10-01T13:01:46.,ENGINEER,33 Oak Street,SHERIDAN,72150
Mme,Dominique,Bernard,dominiquebernard,ihgfedcja9,2002-01-01T12:19:03.,ENGINEER,41 8th Street,FLANDREAU,57028
Mme,Patricia,Thomas,patriciathomas,jihgfedkba,2015-11-26T13:33:26.,ENGINEER,15 Spring Street,PHELAN,92329
M.,Stephane,Morel,stephanemorel,kjihgfelcb,2002-07-16T09:45:45.,SALES, ,,
M.,Julien,Morel,julienmorel,lkjihgfmdc,2005-01-23T09:43:51.,SALES,44 Fourth Street,CARSON,39427
Mme,Annie,André,annieandré,mlkjihgned,2000-03-15T09:56:53.,TRADER, ,,
M.,Pierre,Garcia,pierregarcia,nmlkjihofe,2013-01-26T12:52:21.,SALES,12 6th Street,BOTSFORD,6404
Mme,Patricia,Simon,patriciasimon,onmlkjipgf,2008-08-22T15:01:45.,SALES,1 Birch Street,CHAUTAUQUA,14722
M.,Patrick,Bertrand,patrickbertrand,ponmlkjqhg,2014-02-23T13:20:39.,ENGINEER,33 Second Street,CAPULIN,81124
Mme,Emilie,Roux,emilieroux,qponmlkrih,2020-07-27T13:47:25.,ENGINEER, ,,
Mme,Jacqueline,André,jacquelineandré,rqponmlsji,2001-10-22T16:11:57.,ENGINEER,36 3rd Street,WESTFIELD,14787
Mme,Corinne,Martin,corinnemartin,srqponmtkj,2010-11-05T10:46:26.,TRADER,34 9th Street,HOPE,7844
Mme,Jeannine,Dubois,jeanninedubois,tsrqponulk,2015-04-05T12:44:04.,ENGINEER,35 Highland Street,PELL CITY,35128
M.,Joseph,Laurent,josephlaurent,utsrqpovml,2003-10-15T13:31:17.,ENGINEER,31 Franklin Street,LARCHWOOD,51241
M.,Frederic,Durand,fredericdurand,vutsrqpwnm,2005-06-15T11:56:10.,SALES,33 7th Street,PINEY RIVER,22964
Mme,Helene,André,heleneandré,wvutsrqxon,2002-03-05T08:34:16.,ENGINEER, ,,
Mme,Danielle,Bernard,daniellebernard,xwvutsrypo,2006-02-19T09:38:13.,SALES,22 Ridge Street,GRAND TERRACE,92313
M.,Franck,Fournier,franckfournier,yxwvutszqp,2011-03-21T16:23:02.,ENGINEER,16 Dogwood Street,MIDDLEBRANCH,44652
M.,Jerome,Petit,jeromepetit,zyxwvut_rq,2019-11-11T12:59:21.,ENGINEER,43 2nd Street,BONO,72416
M.,Alexandre,André,alexandreandré,_zyxwvuasr,2019-04-25T08:37:34.,SALES,8 Pine Street,MAULDIN,29662
Mme,Chantal,Thomas,chantalthomas,a_zyxwvbts,2002-02-19T16:30:11.,ENGINEER, ,,
M.,Francois,Morel,francoismorel,ba_zyxwcut,2008-01-15T13:34:19.,ENGINEER,39 Lincoln Street,PENHOOK,24137
M.,Joseph,Simon,josephsimon,cba_zyxdvu,2003-10-28T12:06:08.,SALES,33 5th Street,FORT MONROE,23651
Mme,Colette,Fournier,colettefournier,dcba_zyewv,2001-02-21T12:17:01.,TRADER,17 Jackson Street,WILLIFORD,72482
Mme,Madeleine,Durand,madeleinedurand,edcba_zfxw,2007-05-21T16:20:31.,SALES,33 5th Street,NEW CASTLE,47362
Mme,Caroline,Bertrand,carolinebertrand,fedcba_gyx,2019-08-27T08:50:27.,ENGINEER,32 Maple Street,ERROL,3579
M.,Gerard,Bernard,gerardbernard,gfedcbahzy,2008-11-20T11:18:52.,TRADER,20 Johnson Street,BUCKINGHAM,18912
M.,Bruno,Bertrand,brunobertrand,hgfedcbi_z,2019-02-19T10:40:06.,TRADER,18 Park Street,WOFFORD HEIGHTS,93285
Mme,Annie,Lefèvre,annielefèvre,ihgfedcja_,2016-08-18T16:08:47.,SALES,46 Lincoln Street,FINLAND,55603
M.,Olivier,Robert,olivierrobert,jihgfedkba,2017-10-03T12:38:02.,ENGINEER, ,,
M.,Vincent,Laurent,vincentlaurent,kjihgfelcb,2009-07-15T13:53:22.,ENGINEER, ,,
M.,Christian,Garcia,christiangarcia,lkjihgfmdc,2008-07-30T14:15:46.,ENGINEER, ,,
M.,Thierry,Fournier,thierryfournier,mlkjihgned,2003-07-23T15:33:56.,TRADER,41 9th Street,MORROWVILLE,66958
M.,Frederic,André,fredericandré,nmlkjihofe,2018-02-28T08:50:24.,TRADER,32 Williams Street,MUMFORD,77867
Mme,Odette,Vincent,odettevincent,onmlkjipgf,2009-11-30T08:57:55.,TRADER,46 2nd Street,SUSSEX,23884
M.,Sebastien,Laurent,sebastienlaurent,ponmlkjqhg,2016-12-10T14:17:39.,TRADER,7 Sunset Street,HAVENSVILLE,66432
Mme,Renee,Martin,reneemartin,qponmlkrih,2017-05-09T10:52:11.,SALES,28 Park Street,SOUTH DAYTON,14138
M.,Jean-Pierre,Dubois,jean-pierredubois,rqponmlsji,2007-10-08T15:49:04.,TRADER, ,,
Mme,Francoise,Martin,francoisemartin,srqponmtkj,2016-07-23T12:30:13.,SALES,35 Laurel Street,GROVETOWN,30813
M.,Marc,Leroy,marcleroy,tsrqponulk,2020-03-02T11:55:50.,ENGINEER,49 Cedar Street,MADISON,37115
Mme,Laurence,Roux,laurenceroux,utsrqpovml,2004-10-30T16:27:47.,TRADER,46 North Street,GRAND LEDGE,48837
M.,Serge,Thomas,sergethomas,vutsrqpwnm,2005-10-09T15:13:45.,TRADER,24 Oak Street,ISLAND LAKE,60042
Mme,Madeleine,Fournier,madeleinefournier,wvutsrqxon,2007-01-07T12:12:16.,SALES,2 13th Street,PROSSER,99350
Mme,Annie,Martin,anniemartin,xwvutsrypo,2020-09-22T10:28:28.,TRADER,41 Main Street,ULYSSES,16948
M.,Dominique,Roux,dominiqueroux,yxwvutszqp,2016-03-01T11:58:40.,ENGINEER,5 View Street,NORTH STREET,48049
Mme,Marie,Petit,mariepetit,zyxwvut0rq,2005-07-02T11:32:23.,SALES,7 East Street,ESTELLINE,57234
M.,Dominique,Simon,dominiquesimon,0zyxwvu1sr,2004-08-18T15:10:31.,ENGINEER,47 Forest Street,LOTT,76656
M.,David,André,davidandré,10zyxwv2ts,2011-11-27T09:15:36.,TRADER,40 1st Street,CARRIER MILLS,62917
Mme,Elisabeth,Martin,elisabethmartin,210zyxw3ut,2003-12-18T14:05:49.,ENGINEER, ,,
M.,Gerard,Garcia,gerardgarcia,3210zyx4vu,2018-06-27T08:16:27.,ENGINEER,24 Elm Street,DUPONT,98327
M.,Yves,Morel,yvesmorel,43210zy5wv,2019-04-26T12:52:34.,ENGINEER,30 Green Street,HOLT,32564
Mme,Laurence,Richard,laurencerichard,543210z6xw,2007-10-17T08:08:12.,SALES,5 Valley Street,BISMARCK,63624
Mme,Julie,Laurent,julielaurent,65432107yx,2012-06-23T15:40:28.,SALES, ,,
Mme,Chantal,Lefèvre,chantallefèvre,76543218zy,2002-04-27T15:44:59.,SALES, ,,
Mme,Francoise,Vincent,francoisevincent,876543290z,2004-04-11T11:29:40.,SALES,27 6th Street,KILDARE,75562
Mme,Renee,Michel,reneemichel,9876543b10,2009-06-05T14:23:51.,TRADER,21 East Street,SWALEDALE,50477
M.,Eric,Dubois,ericdubois,a987654c21,2000-04-04T13:39:20.,ENGINEER,31 South Street,HERSCHER,60941
M.,Olivier,Michel,oliviermichel,ba98765d32,2020-06-24T15:49:41.,SALES,33 Birch Street,JUNTURA,97911
M.,Henri,Martin,henrimartin,cba9876e43,2007-12-25T15:23:17.,TRADER,50 Elm Street,LAKELAND,48143
M.,Francois,Fournier,francoisfournier,dcba987f54,2012-01-09T12:30:53.,TRADER,47 Franklin Street,LEBANON,69036
M.,Andre,Michel,andremichel,edcba98g65,2018-06-12T15:03:28.,ENGINEER,26 North Street,TRIPLETT,65286
Mme,Renee,Martin,reneemartin,fedcba9h76,2011-10-10T10:06:14.,SALES,28 Hill Street,OAKLAND,4963
Mme,Monique,David,moniquedavid,gfedcbai87,2003-03-10T08:46:37.,ENGINEER,11 6th Street,KINGSTON,2881
Mme,Marcelle,Mercier,marcellemercier,hgfedcbj98,2000-05-26T12:05:51.,TRADER,3 Church Street,TOKSOOK BAY,99637
Mme,Elisabeth,Morel,elisabethmorel,ihgfedcka9,2013-08-14T10:44:09.,ENGINEER,40 Main Street,STAMPING GROUND,40379
Mme,Josette,Morel,josettemorel,jihgfedlba,2020-01-11T08:45:35.,SALES,37 5th Street,REED,42451
M.,Dominique,Michel,dominiquemichel,kjihgfemcb,2011-05-08T10:41:31.,SALES, ,,
M.,Joseph,Girard,josephgirard,lkjihgfndc,2015-12-31T14:06:19.,TRADER,26 3rd Street,TISCH MILLS,54240
M.,Vincent,Roux,vincentroux,mlkjihgoed,2020-07-11T16:06:56.,SALES, ,,
Mme,Laurence,Girard,laurencegirard,nmlkjihpfe,2005-08-09T12:59:01.,ENGINEER, ,,
Mme,Odette,Lefebvre,odettelefebvre,onmlkjiqgf,2011-01-18T09:55:39.,SALES,33 Maple Street,HOUSTON,45333
M.,Alain,Morel,alainmorel,ponmlkjrhg,2015-09-01T11:11:16.,SALES,13 14th Street,FRIENDSHIP,4547
Mme,Jeanne,Bertrand,jeannebertrand,qponmlksih,2012-05-26T15:16:45.,TRADER,14 7th Street,SCAMMON,66773
Mme,Christiane,Bertrand,christianebertrand,rqponmltji,2018-12-19T13:58:39.,ENGINEER,44 Willow Street,HAYMARKET,20169
M.,Bernard,Durand,bernarddurand,srqponmukj,2008-08-25T10:17:45.,ENGINEER,28 7th Street,ARCADIA,46030
Mme,Martine,Dubois,martinedubois,tsrqponvlk,2004-01-26T08:32:23.,SALES,37 Pine Street,TOOMSBORO,31090
Mme,Claire,Fournier,clairefournier,utsrqpowml,2013-10-25T11:17:24.,ENGINEER,34 Lake Street,EVANSDALE,50707
M.,Yves,Martin,yvesmartin,vutsrqpxnm,2015-05-18T12:03:12.,TRADER,27 View Street,VALLEY MILLS,76689
M.,Henri,Martin,henrimartin,wvutsrqyon,2017-05-22T15:35:07.,ENGINEER, ,,
M.,Andre,Robert,andrerobert,xwvutsrzpo,2003-07-23T15:13:51.,ENGINEER,34 River Street,GILMER,75644
M.,Thomas,Martin,thomasmartin,yxwvuts_qp,2020-05-20T08:56:00.,ENGINEER,41 Willow Street,DAWSON,62520
Mme,Emilie,Thomas,emiliethomas,zyxwvutarq,2004-03-18T13:58:28.,ENGINEER, ,,
M.,Bernard,Fournier,bernardfournier,_zyxwvubsr,2003-05-20T12:39:14.,SALES,11 Cedar Street,SWIFT,56682
Mme,Christine,Martin,christinemartin,a_zyxwvcts,2013-02-14T13:51:08.,ENGINEER, ,,
M.,Pierre,Martin,pierremartin,ba_zyxwdut,2009-01-07T09:36:49.,ENGINEER,9 11th Street,DEER LODGE,59722
M.,Daniel,David,danieldavid,cba_zyxevu,2002-12-31T15:35:39.,ENGINEER,41 Broadway Street,PLANADA,95365
Mme,Genevieve,Fournier,genevievefournier,dcba_zyfwv,2006-05-30T16:56:31.,TRADER,29 Spruce Street,DORENA,97434
M.,Nicolas,Thomas,nicolasthomas,edcba_zgxw,2015-11-23T15:16:09.,SALES,15 10th Street,WELDON,27890
Mme,Laurence,Simon,laurencesimon,fedcba_hyx,2002-04-30T13:11:16.,ENGINEER,37 Walnut Street,NAUBINWAY,49762
M.,Christian,Robert,christianrobert,gfedcbaizy,2013-12-31T13:58:36.,TRADER, ,,
M.,Henri,Thomas,henrithomas,hgfedcbj_z,2008-03-16T16:50:38.,TRADER,21 2nd Street,MOORE,78057
M.,Jean-Pierre,Dubois,jean-pierredubois,ihgfedcka_,2017-01-06T16:19:58.,TRADER,38 Franklin Street,WHITE SULPHUR SPRINGS,24986
Mme,Paulette,Lefèvre,paulettelefèvre,jihgfedlba,2010-06-05T12:59:08.,SALES,36 Fifth Street,FRANKLIN,42135
Mme,Andree,Thomas,andreethomas,kjihgfemcb,2000-05-29T09:41:30.,TRADER,10 Elm Street,CULLEN,23934
M.,Frederic,Martin,fredericmartin,lkjihgfndc,2009-09-13T10:42:40.,ENGINEER,36 Hill Street,FEDERAL WAY,98063
M.,Frederic,Bertrand,fredericbertrand,mlkjihgoed,2002-06-10T14:54:21.,ENGINEER,10 First Street,OLIVET,49076
M.,Serge,Martin,sergemartin,nmlkjihpfe,2002-10-13T10:17:05.,TRADER,34 Williams Street,MOOREFIELD,26836
M.,Eric,Bernard,ericbernard,onmlkjiqgf,2014-01-29T13:49:43.,TRADER, ,,
M.,Rene,Martin,renemartin,ponmlkjrhg,2005-06-19T14:44:10.,ENGINEER,46 13th Street,MONROE,6468
M.,Frederic,Martin,fredericmartin,qponmlksih,2020-11-06T15:19:27.,SALES,49 Hill Street,HOLYOKE,80734
Mme,Laurence,Leroy,laurenceleroy,rqponmltji,2011-01-05T15:09:49.,TRADER,25 Cherry Street,KADOKA,57543
Mme,Helene,Vincent,helenevincent,srqponmukj,2015-11-11T11:21:07.,TRADER,35 Lee Street,BIRDSEYE,47513
M.,Dominique,Laurent,dominiquelaurent,tsrqponvlk,2020-01-28T14:00:24.,TRADER, ,,
M.,Jacques,Lefebvre,jacqueslefebvre,utsrqpowml,2018-05-17T11:46:45.,TRADER,22 11th Street,CORNELL,61319
M.,Thomas,Robert,thomasrobert,vutsrqpxnm,2019-12-08T12:35:37.,SALES, ,,
M.,Dominique,Garcia,dominiquegarcia,wvutsrqyon,2000-05-20T10:54:01.,TRADER,29 Cherry Street,BARRY,75102
Mme,Elisabeth,Moreau,elisabethmoreau,xwvutsrzpo,2011-03-24T12:37:14.,TRADER,6 Smith Street,SOUTH WOODSTOCK,6267
M.,Christophe,David,christophedavid,yxwvuts0qp,2000-04-20T10:20:42.,TRADER, ,,
M.,Bruno,Moreau,brunomoreau,zyxwvut1rq,2020-06-11T09:33:05.,SALES,41 Church Street,PORTLANDVILLE,13834
Mme,Anne,Petit,annepetit,0zyxwvu2sr,2002-02-27T16:51:45.,TRADER,49 Franklin Street,MONROE,45073
M.,Patrick,Michel,patrickmichel,10zyxwv3ts,2006-08-01T10:20:37.,TRADER,16 Taylor Street,SOUTH GLENS FALLS,12803
Mme,Margeuerite,Michel,margeueritemichel,210zyxw4ut,2019-02-10T13:37:59.,SALES,2 East Street,HENEFER,84033
M.,George,Martin,georgemartin,3210zyx5vu,2010-10-03T12:59:11.,ENGINEER,42 Adams Street,EATON PARK,33840
Mme,Laetitia,Laurent,laetitialaurent,43210zy6wv,2017-07-05T14:14:51.,ENGINEER, ,,
M.,Gerard,Vincent,gerardvincent,543210z7xw,2010-08-20T09:19:38.,TRADER,9 Mill Street,KNIGHTDALE,27545
Mme,Dominique,Petit,dominiquepetit,65432108yx,2009-10-15T08:28:32.,TRADER, ,,
Mme,Natalie,Durand,nataliedurand,76543219zy,2020-05-04T13:19:01.,SALES,4 Seventh Street,MOUNT VERNON,65712
Mme,Danielle,Martin,daniellemartin,8765432a0z,2003-09-04T13:22:00.,TRADER,49 Jefferson Street,SEARCHLIGHT,89046
M.,Sebastien,André,sebastienandré,9876543c10,2019-01-27T15:05:34.,TRADER, ,,
M.,Henri,Leroy,henrileroy,a987654d21,2019-04-14T14:58:23.,TRADER,17 Maple Street,HAMER,83425
Mme,Brigitte,Martin,brigittemartin,ba98765e32,2000-05-22T09:12:54.,ENGINEER,3 Spring Street,WEATOGUE,6089
Mme,Christelle,André,christelleandré,cba9876f43,2009-02-26T14:54:59.,SALES,22 Valley Street,SHANDON,93461
Mme,Catherine,David,catherinedavid,dcba987g54,2019-09-07T12:36:31.,ENGINEER,34 10th Street,WATSON,56295
Mme,Denise,David,denisedavid,edcba98h65,2009-12-28T10:59:27.,ENGINEER,44 11th Street,COCHECTON,12726
Mme,Marcelle,Richard,marcellerichard,fedcba9i76,2019-09-03T14:12:44.,ENGINEER,5 Washington Street,SUNNYSIDE,84539
Mme,Colette,Simon,colettesimon,gfedcbaj87,2006-07-27T15:33:43.,ENGINEER,36 Dogwood Street,LIGHT,72439
M.,Thierry,Richard,thierryrichard,hgfedcbk98,2014-11-17T11:19:33.,SALES, ,,
Mme,Denise,Lefèvre,deniselefèvre,ihgfedcla9,2010-09-08T10:31:25.,ENGINEER,36 3rd Street,GRIFFITH,46319
Mme,Florence,André,florenceandré,jihgfedmba,2005-01-11T08:11:18.,TRADER, ,,
M.,Jacques,Garcia,jacquesgarcia,kjihgfencb,2014-08-24T11:01:18.,SALES,4 Main Street,NEWMAN GROVE,68758
M.,Jean,Martin,jeanmartin,lkjihgfodc,2006-11-16T09:23:42.,SALES, ,,
Mme,Monique,Girard,moniquegirard,mlkjihgped,2013-08-26T09:19:47.,ENGINEER, ,,
M.,Francois,David,francoisdavid,nmlkjihqfe,2006-10-21T16:50:45.,ENGINEER,20 Jefferson Street,KOSHKONONG,65692
Mme,Helene,Leroy,heleneleroy,onmlkjirgf,2011-12-29T09:59:52.,TRADER,33 7th Street,DEEP WATER,25057
Mme,Martine,Bernard,martinebernard,ponmlkjshg,2001-03-03T08:28:47.,ENGINEER,32 Locust Street,PARCHMAN,38738
M.,Bernard,Martin,bernardmartin,qponmlktih,2013-04-28T16:48:18.,TRADER, ,,
Mme,Francoise,Dubois,francoisedubois,rqponmluji,2011-03-29T12:14:18.,ENGINEER,30 Wilson Street,BOYERTOWN,19512
Mme,Jeanne,André,jeanneandré,srqponmvkj,2001-09-09T13:31:21.,ENGINEER,43 River Street,LABARRE,70751
M.,Alain,Richard,alainrichard,tsrqponwlk,2012-12-23T09:23:26.,TRADER,23 Central Street,CHULA VISTA,91912
M.,Paul,Lefebvre,paullefebvre,utsrqpoxml,2017-09-17T15:57:18.,ENGINEER,16 13th Street,LIBERTY,29657
Mme,Marie,Martin,mariemartin,vutsrqpynm,2011-04-15T09:58:54.,ENGINEER,2 Jackson Street,BATTLE MOUNTAIN,89820
M.,Jean-Pierre,Robert,jean-pierrerobert,wvutsrqzon,2009-11-16T14:05:59.,TRADER, ,,
Mme,Dominique,Laurent,dominiquelaurent,xwvutsr_po,2005-11-24T08:41:09.,ENGINEER,1 1st Street,WHITE MOUNTAIN,99784
Mme,Patricia,Michel,patriciamichel,yxwvutsaqp,2006-01-29T08:06:39.,TRADER, ,,
M.,Marcel,Martin,marcelmartin,zyxwvutbrq,2020-09-19T15:00:57.,ENGINEER,46 Washington Street,DANVERS,61732
M.,Thierry,Simon,thierrysimon,_zyxwvucsr,2010-12-13T15:30:48.,SALES,34 Adams Street,MERCER ISLAND,98040
Mme,Nicole,Lefebvre,nicolelefebvre,a_zyxwvdts,2002-11-21T15:33:50.,ENGINEER,14 Maple Street,CAMP DOUGLAS,54618
M.,Bernard,Laurent,bernardlaurent,ba_zyxweut,2004-10-11T10:19:13.,TRADER,35 Cherry Street,CROSS,29436
Mme,Natalie,Richard,natalierichard,cba_zyxfvu,2000-08-09T15:09:16.,SALES,19 3rd Street,CHURCH HILL,37642
M.,Francois,Fournier,francoisfournier,dcba_zygwv,2015-06-28T10:19:32.,SALES,7 Main Street,HARMON,61042
M.,Maurice,David,mauricedavid,edcba_zhxw,2007-03-15T15:55:53.,SALES,12 Highland Street,GENEVA,14456
M.,Guy,Martin,guymartin,fedcba_iyx,2017-02-02T08:54:30.,TRADER,28 River Street,CEDAR GROVE,47016
Mme,Elodie,Dubois,elodiedubois,gfedcbajzy,2020-08-13T11:50:30.,TRADER, ,,
Mme,Christiane,Girard,christianegirard,hgfedcbk_z,2002-06-12T15:20:52.,TRADER, ,,
M.,Marcel,Martin,marcelmartin,ihgfedcla_,2003-12-30T09:27:50.,SALES,30 5th Street,TUCKER,72168
Mme,Monique,Dubois,moniquedubois,jihgfedmba,2000-07-04T12:24:15.,TRADER,1 Chestnut Street,BOULDER,80322
M.,Andre,Leroy,andreleroy,kjihgfencb,2008-01-09T15:29:37.,TRADER, ,,
M.,Thomas,Petit,thomaspetit,lkjihgfodc,2009-04-14T08:03:24.,ENGINEER,36 Walnut Street,PATTERSON,31557
Mme,Brigitte,Girard,brigittegirard,mlkjihgped,2016-01-22T15:17:37.,ENGINEER,39 Highland Street,POST FALLS,83877
M.,Marcel,Morel,marcelmorel,nmlkjihqfe,2018-05-30T14:00:08.,SALES,29 Locust Street,MACOMB,61455
Mme,Aurelie,Bertrand,aureliebertrand,onmlkjirgf,2010-10-29T09:13:44.,ENGINEER,43 6th Street,THOMASBORO,61878
M.,Joseph,Leroy,josephleroy,ponmlkjshg,2001-12-15T14:23:02.,ENGINEER, ,,
Mme,Cecile,David,ceciledavid,qponmlktih,2002-06-06T10:05:25.,ENGINEER,33 4th Street,MANORVILLE,11949
M.,Roger,Lefèvre,rogerlefèvre,rqponmluji,2000-08-07T16:12:53.,ENGINEER,22 Jefferson Street,SALEM,44460
M.,Yves,André,yvesandré,srqponmvkj,2002-02-26T08:19:40.,TRADER,23 Cherry Street,TWIN LAKE,49457
Mme,Anne,Martin,annemartin,tsrqponwlk,2010-05-27T14:25:23.,SALES,30 Pine Street,EMPORIUM,15834
Mme,Audrey,Simon,audreysimon,utsrqpoxml,2019-05-21T09:28:47.,SALES,18 East Street,DOVE CREEK,81324
Mme,Elisabeth,Simon,elisabethsimon,vutsrqpynm,2012-08-01T10:21:39.,ENGINEER,9 Broadway Street,BLOOMING GLEN,18911
Mme,Annie,Thomas,anniethomas,wvutsrqzon,2005-01-03T09:42:25.,ENGINEER,50 Pine Street,CHIGNIK LAKE,99548
M.,Didier,Thomas,didierthomas,xwvutsr0po,2017-01-18T12:03:17.,TRADER,15 Adams Street,SALAMONIA,47381
Mme,Bernadette,Dubois,bernadettedubois,yxwvuts1qp,2018-10-14T09:23:31.,TRADER,5 Jefferson Street,CLIFFWOOD,7721
M.,Julien,Richard,julienrichard,zyxwvut2rq,2007-09-10T11:13:40.,TRADER,17 View Street,RICE LAKE,54868
Mme,Aurelie,Girard,aureliegirard,0zyxwvu3sr,2000-11-01T16:00:25.,SALES, ,,
Mme,Patricia,Garcia,patriciagarcia,10zyxwv4ts,2009-05-02T16:01:54.,TRADER,1 Jefferson Street,PEMBROKE,4666
M.,Daniel,Bernard,danielbernard,210zyxw5ut,2009-01-22T10:28:31.,SALES, ,,
Mme,Renee,Thomas,reneethomas,3210zyx6vu,2017-12-08T09:18:42.,SALES, ,,
Mme,Elisabeth,Laurent,elisabethlaurent,43210zy7wv,2007-01-12T11:01:35.,ENGINEER,50 Willow Street,EAST NEWPORT,4933
M.,Jean-Pierre,Martin,jean-pierremartin,543210z8xw,2003-05-29T09:52:11.,SALES,7 Spring Street,MANSFIELD,44903
M.,Jean,Vincent,jeanvincent,65432109yx,2012-12-28T15:24:50.,TRADER,37 West Street,ALBUQUERQUE,87109
M.,Guy,Martin,guymartin,7654321azy,2013-07-13T13:25:44.,TRADER,31 Miller Street,GLENCOE,88324
M.,Didier,Fournier,didierfournier,8765432b0z,2013-09-30T15:41:12.,ENGINEER,34 Main Street,NASHWAUK,55769
M.,Laurent,Garcia,laurentgarcia,9876543d10,2004-06-07T14:18:45.,ENGINEER,50 College Street,CALEDONIA,55921
M.,Nicolas,Moreau,nicolasmoreau,a987654e21,2008-01-05T09:12:17.,SALES,22 Third Street,FAXON,73540
Mme,Michele,Lefèvre,michelelefèvre,ba98765f32,2018-08-03T14:26:37.,SALES,14 East Street,MARSHFIELD HILLS,2051
M.,Louis,Lefèvre,louislefèvre,cba9876g43,2019-01-27T13:39:20.,SALES,4 Ridge Street,TRACY CITY,37387
Mme,Claire,Bernard,clairebernard,dcba987h54,2003-02-07T16:40:48.,ENGINEER,30 12th Street,NEWARK,76071
Mme,Natalie,Moreau,nataliemoreau,edcba98i65,2018-08-29T14:28:06.,ENGINEER,1 Eleventh Street,BUXTON,27920
Mme,Anne,Martin,annemartin,fedcba9j76,2003-11-04T10:25:36.,ENGINEER,41 Locust Street,SUMMERVILLE,30747
Mme,Helene,Fournier,helenefournier,gfedcbak87,2020-07-04T13:08:14.,TRADER,12 Hillcrest Street,JEMEZ SPRINGS,87025
Mme,Margeuerite,Garcia,margeueritegarcia,hgfedcbl98,2018-12-18T12:04:24.,SALES,44 Davis Street,AVELLA,15312
M.,Yves,Leroy,yvesleroy,ihgfedcma9,2011-08-02T11:27:22.,ENGINEER,4 Mill Street,NEWCOMB,21653
Mme,Jeanne,Robert,jeannerobert,jihgfednba,2019-05-10T09:06:14.,SALES,46 View Street,MOHAWK,49950
M.,Serge,David,sergedavid,kjihgfeocb,2006-04-24T15:57:25.,SALES, ,,
M.,Marcel,Martin,marcelmartin,lkjihgfpdc,2009-06-24T15:41:05.,SALES,29 Central Street,BELLEVILLE,72824
M.,Didier,Martin,didiermartin,mlkjihgqed,2013-01-23T15:35:14.,TRADER,23 West Street,CATHEDRAL CITY,92234
M.,Joseph,Leroy,josephleroy,nmlkjihrfe,2020-05-21T15:41:11.,TRADER, ,,
M.,Julien,André,julienandré,onmlkjisgf,2006-11-12T12:29:26.,ENGINEER,3 North Street,HIGGINS,79046
M.,Patrick,Bernard,patrickbernard,ponmlkjthg,2002-05-19T13:00:48.,SALES,32 2nd Street,CAPON BRIDGE,26711
Mme,Jeannine,Simon,jeanninesimon,qponmlkuih,2019-06-06T11:39:57.,SALES,1 Forest Street,TOIVOLA,49965
M.,Vincent,Robert,vincentrobert,rqponmlvji,2002-07-30T12:33:37.,TRADER, ,,
Mme,Colette,Bertrand,colettebertrand,srqponmwkj,2011-01-16T08:23:21.,SALES,31 11th Street,MERCURY,89023
M.,Julien,Simon,juliensimon,tsrqponxlk,2009-09-12T08:52:01.,TRADER,33 Park Street,VANCEBORO,4491
Mme,Laetitia,Dubois,laetitiadubois,utsrqpoyml,2019-09-06T13:17:58.,SALES,7 9th Street,MOUNTAINHOME,18342
M.,Guillaume,Laurent,guillaumelaurent,vutsrqpznm,2013-05-20T12:42:00.,TRADER, ,,
M.,Roger,Robert,rogerrobert,wvutsrq_on,2008-07-11T14:19:54.,TRADER,26 Valley Street,LAKE CITY,55041
Mme,Laetitia,Durand,laetitiadurand,xwvutsrapo,2009-07-19T16:24:31.,SALES,5 6th Street,MINOT,4258
Mme,Catherine,Richard,catherinerichard,yxwvutsbqp,2019-03-22T13:49:39.,TRADER, ,,
Mme,Helene,Mercier,helenemercier,zyxwvutcrq,2010-02-20T14:59:31.,TRADER,48 Park Street,SELMA,97538
M.,Christian,Bernard,christianbernard,_zyxwvudsr,2013-10-29T12:23:53.,TRADER,31 Third Street,ROYALTON,54975
Mme,Caroline,Bernard,carolinebernard,a_zyxwvets,2016-10-16T13:29:07.,TRADER,28 1st Street,CASSELTON,58012
Mme,Brigitte,Lefèvre,brigittelefèvre,ba_zyxwfut,2004-11-10T12:34:07.,ENGINEER,31 Jefferson Street,OCALA,34478
M.,Bernard,Richard,bernardrichard,cba_zyxgvu,2001-11-27T09:26:55.,ENGINEER, ,,
M.,Thierry,Simon,thierrysimon,dcba_zyhwv,2017-09-15T15:18:03.,TRADER,29 First Street,EMMA,62834
M.,Pascal,Thomas,pascalthomas,edcba_zixw,2016-10-05T15:41:17.,SALES, ,,
M.,Daniel,Fournier,danielfournier,fedcba_jyx,2000-06-13T08:31:30.,SALES,11 9th Street,KROTZ SPRINGS,70750
Mme,Helene,Martin,helenemartin,gfedcbakzy,2007-09-23T10:50:17.,TRADER,3 7th Street,ELK GROVE,95624
M.,Philippe,Mercier,philippemercier,hgfedcbl_z,2014-11-05T08:02:10.,ENGINEER,7 Wilson Street,WESTBROOK,79565
Mme,Corinne,Simon,corinnesimon,ihgfedcma_,2000-09-15T09:44:35.,SALES,26 Maple Street,COCHRANVILLE,19330
M.,Maurice,Mercier,mauricemercier,jihgfednba,2003-11-05T10:50:23.,SALES,40 Smith Street,ASHLAND,59004
M.,Henri,Dubois,henridubois,kjihgfeocb,2015-08-21T09:39:59.,TRADER,16 View Street,CHAMPLAIN,12919
M.,Marcel,Moreau,marcelmoreau,lkjihgfpdc,2008-07-13T09:42:01.,ENGINEER, ,,
M.,Laurent,André,laurentandré,mlkjihgqed,2006-01-15T16:51:22.,ENGINEER, ,,
Mme,Cecile,Bertrand,cecilebertrand,nmlkjihrfe,2019-05-24T11:18:26.,TRADER,16 8th Street,WHITE HORSE BEACH,2381
Mme,Christiane,Lefèvre,christianelefèvre,onmlkjisgf,2020-04-08T08:09:23.,SALES,45 Maple Street,MILILANI,96789
M.,Laurent,Richard,laurentrichard,ponmlkjthg,2009-10-26T14:45:19.,SALES,50 Cherry Street,SANTO,76472
Mme,Andree,Fournier,andreefournier,qponmlkuih,2014-02-10T12:13:29.,TRADER,49 Second Street,BALLENTINE,29002
M.,Dominique,Michel,dominiquemichel,rqponmlvji,2016-12-15T14:12:43.,SALES,8 East Street,LETHA,83636
M.,Vincent,Roux,vincentroux,srqponmwkj,2014-10-17T08:55:58.,SALES,29 Jackson Street,PINETTA,32350
Mme,Monique,Michel,moniquemichel,tsrqponxlk,2001-04-06T09:45:22.,SALES,25 Pine Street,LINCOLNDALE,10540
M.,Roger,Simon,rogersimon,utsrqpoyml,2018-08-02T11:23:01.,ENGINEER,18 Broadway Street,PARIS,49338
M.,David,Robert,davidrobert,vutsrqpznm,2013-03-31T11:24:37.,ENGINEER,28 Main Street,WELLBORN,32094
Mme,Nicole,Girard,nicolegirard,wvutsrq0on,2003-09-05T12:28:30.,ENGINEER,18 West Street,GUTHRIE CENTER,50115
Mme,Renee,Leroy,reneeleroy,xwvutsr1po,2002-07-09T14:13:27.,SALES,11 3rd Street,ESSEX,1929
M.,Andre,Robert,andrerobert,yxwvuts2qp,2015-11-02T08:59:37.,TRADER,45 1st Street,WRIGHTWOOD,92397
M.,Bruno,Laurent,brunolaurent,zyxwvut3rq,2010-08-04T16:39:24.,ENGINEER, ,,
M.,Laurent,Leroy,laurentleroy,0zyxwvu4sr,2000-11-18T11:40:36.,ENGINEER, ,,
Mme,Dominique,Laurent,dominiquelaurent,10zyxwv5ts,2004-09-10T08:11:44.,SALES,1 5th Street,BULLARD,75757
M.,Roger,Martin,rogermartin,210zyxw6ut,2002-11-08T13:21:29.,SALES,5 Ash Street,MYSTIC,6355
M.,Philippe,Lefebvre,philippelefebvre,3210zyx7vu,2013-12-07T16:04:15.,ENGINEER, ,,
Mme,Brigitte,Laurent,brigittelaurent,43210zy8wv,2013-10-14T11:43:30.,ENGINEER,32 Washington Street,SCARBOROUGH,4070
Mme,Jeannine,Michel,jeanninemichel,543210z9xw,2010-03-18T16:04:23.,SALES,17 Walnut Street,DELTA,36258
Mme,Christiane,Girard,christianegirard,6543210ayx,2009-02-06T16:58:01.,SALES,36 15th Street,DEETH,89823
Mme,Marcelle,Dubois,marcelledubois,7654321bzy,2019-01-23T15:14:44.,TRADER,15 Center Street,SMYRNA,48887
M.,Christian,Moreau,christianmoreau,8765432c0z,2003-03-21T08:25:19.,TRADER,5 11th Street,EDGEMONT,19028
Mme,Helene,Garcia,helenegarcia,9876543e10,2018-11-18T08:14:02.,ENGINEER,44 Forest Street,AUBURN,1501
M.,Gerard,Moreau,gerardmoreau,a987654f21,2008-08-27T10:54:34.,TRADER, ,,
Mme,Brigitte,Mercier,brigittemercier,ba98765g32,2000-01-08T09:14:09.,TRADER,34 Adams Street,FARMINGTON FALLS,4940
M.,Rene,Richard,renerichard,cba9876h43,2012-10-17T15:44:08.,SALES,13 15th Street,BRUCE,57220
Mme,Monique,Girard,moniquegirard,dcba987i54,2017-03-21T11:43:41.,TRADER,12 9th Street,MARKHAM,22643
Mme,Cecile,Fournier,cecilefournier,edcba98j65,2009-01-09T11:27:08.,SALES,47 5th Street,BENTON RIDGE,45816
M.,Vincent,Simon,vincentsimon,fedcba9k76,2007-06-19T15:23:58.,ENGINEER, ,,
Mme,Nicole,Mercier,nicolemercier,gfedcbal87,2000-06-02T13:35:48.,SALES,43 2nd Street,LEMOYNE,69146
Mme,Genevieve,Bernard,genevievebernard,hgfedcbm98,2016-05-11T10:58:02.,TRADER,25 5th Street,LONG GROVE,52756
M.,Jean-Pierre,Vincent,jean-pierrevincent,ihgfedcna9,2013-09-17T15:49:52.,TRADER,34 Laurel Street,LILLIAN,76061
Mme,Nicole,Martin,nicolemartin,jihgfedoba,2018-11-21T11:35:02.,TRADER,36 Lincoln Street,BROOKLYN,36429
M.,Christian,Thomas,christianthomas,kjihgfepcb,2011-11-30T08:33:33.,ENGINEER,30 Lee Street,SOUTH LIMA,14558
M.,Robert,David,robertdavid,lkjihgfqdc,2006-07-02T15:20:58.,ENGINEER,18 6th Street,RIDGEVIEW,25169
Mme,Helene,Garcia,helenegarcia,mlkjihgred,2018-08-26T10:09:39.,TRADER,5 12th Street,ALLAMUCHY,7820
M.,Roger,Robert,rogerrobert,nmlkjihsfe,2005-10-29T11:01:55.,ENGINEER,20 Main Street,FOSTER,73434
M.,Marc,Bernard,marcbernard,onmlkjitgf,2001-03-03T13:16:26.,SALES,26 Hickory Street,WAPPINGERS FALLS,12590
M.,Julien,Roux,julienroux,ponmlkjuhg,2005-01-11T10:06:12.,TRADER,40 Seventh Street,CLIMAX SPRINGS,65324
Mme,Danielle,Robert,daniellerobert,qponmlkvih,2018-10-17T10:05:02.,TRADER,21 Woodland Street,IDER,35981
Mme,Jacqueline,Lefebvre,jacquelinelefebvre,rqponmlwji,2012-10-27T15:24:33.,ENGINEER,16 Second Street,SUISUN CITY,94585
M.,Maurice,Girard,mauricegirard,srqponmxkj,2002-07-03T10:07:42.,ENGINEER,9 East Street,WESTPOINT,38486
Mme,Christine,Morel,christinemorel,tsrqponylk,2019-04-01T08:18:17.,SALES,15 11th Street,FALLING WATERS,25419
Mme,Anne,Robert,annerobert,utsrqpozml,2010-08-01T15:21:47.,SALES,41 Elm Street,ANDERSON,99744
M.,Guillaume,Petit,guillaumepetit,vutsrqp_nm,2001-10-02T13:45:31.,TRADER,29 14th Street,CHESTER DEPOT,5144
Mme,Laurence,Mercier,laurencemercier,wvutsrqaon,2005-03-25T08:38:55.,TRADER,28 Park Street,WYNNE,72396
M.,Michel,Thomas,michelthomas,xwvutsrbpo,2014-06-05T12:08:37.,SALES,50 2nd Street,VERNER,25650
Mme,Marcelle,Martin,marcellemartin,yxwvutscqp,2001-02-09T09:17:52.,ENGINEER,50 Church Street,DEER CREEK,61733
Mme,Paulette,Bernard,paulettebernard,zyxwvutdrq,2005-12-30T13:03:32.,SALES,6 Church Street,VALLEJO,94589
Mme,Danielle,Richard,daniellerichard,_zyxwvuesr,2003-09-28T09:04:01.,SALES,36 Cedar Street,TUNICA,38676
Mme,Christine,Morel,christinemorel,a_zyxwvfts,2019-07-24T10:10:22.,SALES,8 South Street,MILMAY,8340
Mme,Cecile,Durand,ceciledurand,ba_zyxwgut,2017-01-09T15:02:18.,ENGINEER,22 Central Street,CAMANCHE,52730
M.,Thomas,Durand,thomasdurand,cba_zyxhvu,2004-05-14T11:56:43.,SALES,33 Meadow Street,KENNARD,75847
Mme,Claire,Thomas,clairethomas,dcba_zyiwv,2013-04-23T14:20:23.,TRADER, ,,
Mme,Celine,Laurent,celinelaurent,edcba_zjxw,2004-05-01T11:46:52.,SALES, ,,
Mme,Elodie,André,elodieandré,fedcba_kyx,2016-11-06T11:17:45.,ENGINEER,22 Lake Street,SANTA RITA,59473
M.,Olivier,Bertrand,olivierbertrand,gfedcbalzy,2013-12-22T13:46:20.,ENGINEER,38 Park Street,DERRY,15627
Mme,Paulette,Martin,paulettemartin,hgfedcbm_z,2008-08-06T10:11:44.,TRADER,22 Jefferson Street,EARLY BRANCH,29916
Mme,Celine,Simon,celinesimon,ihgfedcna_,2014-10-03T10:34:34.,ENGINEER,12 Pine Street,HAPPY CAMP,96039
Mme,Michele,Petit,michelepetit,jihgfedoba,2013-09-04T10:14:30.,ENGINEER,48 Pine Street,MARIPOSA,95338
M.,Henri,Michel,henrimichel,kjihgfepcb,2014-10-17T14:35:15.,ENGINEER,28 Maple Street,VAN TASSELL,82242
Mme,Patricia,Dubois,patriciadubois,lkjihgfqdc,2013-11-01T14:30:18.,SALES,8 3rd Street,HARRINGTON PARK,7640
Mme,Bernadette,Simon,bernadettesimon,mlkjihgred,2003-04-11T10:33:56.,TRADER, ,,
M.,Laurent,Dubois,laurentdubois,nmlkjihsfe,2002-09-14T11:59:50.,TRADER,35 Meadow Street,ROTHBURY,49452
Mme,Paulette,Richard,pauletterichard,onmlkjitgf,2012-12-28T14:38:16.,TRADER,39 Hill Street,DUNDEE,97115
Mme,Josette,Dubois,josettedubois,ponmlkjuhg,2006-09-22T10:18:41.,SALES,45 Elm Street,CHAPLIN,6235
Mme,Marcelle,Petit,marcellepetit,qponmlkvih,2009-08-26T13:34:51.,ENGINEER, ,,
Mme,Colette,Martin,colettemartin,rqponmlwji,2002-11-27T11:08:20.,TRADER, ,,
M.,Philippe,Dubois,philippedubois,srqponmxkj,2017-11-23T14:09:48.,SALES,18 10th Street,WESKAN,67762
M.,Joseph,Lefebvre,josephlefebvre,tsrqponylk,2007-01-12T13:38:38.,SALES,19 Fourteenth Street,LOCKEFORD,95237
M.,Patrick,Thomas,patrickthomas,utsrqpozml,2008-04-23T12:54:41.,TRADER, ,,
Mme,Dominique,Bernard,dominiquebernard,vutsrqp0nm,2019-06-01T10:09:47.,ENGINEER,41 Railroad Street,PHILIPSBURG,16866
Mme,Francoise,Moreau,francoisemoreau,wvutsrq1on,2013-05-08T12:49:02.,ENGINEER,34 Railroad Street,BOODY,62514
Mme,Jeannine,Martin,jeanninemartin,xwvutsr2po,2017-01-12T13:14:05.,ENGINEER,29 Park Street,LAS VEGAS,87701
M.,Dominique,Richard,dominiquerichard,yxwvuts3qp,2017-12-18T11:40:33.,ENGINEER,3 Maple Street,MENDOCINO,95460
M.,Jean,Martin,jeanmartin,zyxwvut4rq,2009-08-06T14:44:00.,TRADER, ,,
Mme,Julie,Moreau,juliemoreau,0zyxwvu5sr,2002-12-05T10:39:28.,SALES,14 Adams Street,NEW EFFINGTON,57255
M.,Marc,Leroy,marcleroy,10zyxwv6ts,2019-04-09T12:46:54.,ENGINEER,2 Railroad Street,HEBBRONVILLE,78361
Mme,Celine,André,celineandré,210zyxw7ut,2017-08-12T16:50:00.,TRADER,39 Davis Street,CALDWELL,43724
M.,Stephane,Dubois,stephanedubois,3210zyx8vu,2001-07-06T13:11:41.,SALES,32 Wilson Street,HITCHCOCK,73744
M.,Frederic,Simon,fredericsimon,43210zy9wv,2017-10-23T11:52:21.,SALES,47 Fourth Street,LIBRARY,15129
M.,Roger,Robert,rogerrobert,543210zaxw,2019-11-16T08:41:32.,SALES,29 5th Street,RAYLAND,43943
M.,Bruno,Garcia,brunogarcia,6543210byx,2020-08-13T10:13:42.,ENGINEER,3 13th Street,NORTH HILLS,91343
Mme,Anne,Petit,annepetit,7654321czy,2007-10-03T12:51:38.,ENGINEER,8 East Street,CANASTOTA,13032
Mme,Catherine,Martin,catherinemartin,8765432d0z,2000-06-10T09:13:48.,SALES,19 2nd Street,GRAYSON,30017
M.,Jerome,Girard,jeromegirard,9876543f10,2012-12-30T11:02:44.,TRADER,5 6th Street,HARWOOD,58042
M.,Francois,Martin,francoismartin,a987654g21,2018-06-15T12:06:35.,ENGINEER,22 Park Street,ROSEDALE,47874
M.,Bernard,Laurent,bernardlaurent,ba98765h32,2015-11-16T12:13:23.,TRADER,30 Jefferson Street,IMBODEN,72434
Mme,Bernadette,Dubois,bernadettedubois,cba9876i43,2010-12-19T09:18:43.,TRADER,35 Poplar Street,ANASCO,610
M.,Paul,Lefebvre,paullefebvre,dcba987j54,2016-05-21T11:55:14.,TRADER,23 8th Street,BIG CREEK,38914
Mme,Aurelie,Martin,aureliemartin,edcba98k65,2009-04-07T16:20:56.,SALES,6 Dogwood Street,ARDMORE,38449
M.,Guillaume,Richard,guillaumerichard,fedcba9l76,2008-05-16T14:57:16.,ENGINEER, ,,
Mme,Claudine,Mercier,claudinemercier,gfedcbam87,2019-06-14T13:25:24.,SALES,22 4th Street,CLARENDON HILLS,60514
M.,Maurice,Durand,mauricedurand,hgfedcbn98,2002-02-12T16:12:17.,ENGINEER,20 Miller Street,MEYERSDALE,15552
M.,Guillaume,Petit,guillaumepetit,ihgfedcoa9,2015-06-26T09:32:42.,TRADER,38 View Street,NEW MARKET,55054
M.,Christophe,Bertrand,christophebertrand,jihgfedpba,2001-08-03T11:38:43.,ENGINEER,8 Poplar Street,LERNA,62440
Mme,Marie,Bertrand,mariebertrand,kjihgfeqcb,2019-03-28T10:57:28.,SALES, ,,
Mme,Christine,Fournier,christinefournier,lkjihgfrdc,2003-03-15T16:42:06.,TRADER, ,,
M.,Michel,Lefebvre,michellefebvre,mlkjihgsed,2018-05-02T11:52:08.,SALES, ,,
M.,Guillaume,Laurent,guillaumelaurent,nmlkjihtfe,2004-05-31T13:36:15.,ENGINEER,23 Fourth Street,MALTA,83342
M.,Marcel,Bertrand,marcelbertrand,onmlkjiugf,2015-03-07T09:56:09.,TRADER,49 Lake Street,CRABTREE,15624
M.,Laurent,Fournier,laurentfournier,ponmlkjvhg,2007-02-02T16:58:46.,ENGINEER,15 Willow Street,PAPILLION,68133
M.,Francois,Lefebvre,francoislefebvre,qponmlkwih,2015-05-04T08:07:13.,ENGINEER,32 Woodland Street,LIVERPOOL,61543
Mme,Elisabeth,Robert,elisabethrobert,rqponmlxji,2004-04-07T12:48:51.,TRADER,27 Miller Street,MAYFIELD,67103
Mme,Natalie,Martin,nataliemartin,srqponmykj,2005-09-13T13:21:44.,TRADER,22 Washington Street,KOSHKONONG,65692
Mme,Margeuerite,Michel,margeueritemichel,tsrqponzlk,2014-11-01T10:13:38.,SALES, ,,
Mme,Natalie,Robert,natalierobert,utsrqpo_ml,2017-11-10T16:58:33.,ENGINEER,9 East Street,EMMETT,48022
Mme,Denise,Laurent,deniselaurent,vutsrqpanm,2001-09-29T16:53:12.,TRADER,2 Main Street,WEST SAYVILLE,11796
Mme,Corinne,Durand,corinnedurand,wvutsrqbon,2015-01-04T14:16:01.,SALES,36 3rd Street,WEST WARWICK,2893
Mme,Jeanne,Thomas,jeannethomas,xwvutsrcpo,2010-12-15T10:54:18.,TRADER,32 Forest Street,GRUNDY CENTER,50638
M.,Michel,Morel,michelmorel,yxwvutsdqp,2004-04-19T13:50:36.,ENGINEER,25 North Street,TRENTON,28585
Mme,Marie,Bertrand,mariebertrand,zyxwvuterq,2011-12-13T16:30:40.,ENGINEER,6 Smith Street,GREEN SULPHUR SPRINGS,25966
M.,Laurent,Durand,laurentdurand,_zyxwvufsr,2010-02-15T12:41:54.,TRADER,37 Hillcrest Street,FRONTIER,83121
Mme,Brigitte,Martin,brigittemartin,a_zyxwvgts,2016-11-18T10:02:15.,SALES,21 Willow Street,HOBSON,78117
M.,Daniel,Thomas,danielthomas,ba_zyxwhut,2001-06-17T09:32:34.,SALES, ,,
M.,Gerard,Vincent,gerardvincent,cba_zyxivu,2009-11-26T10:28:08.,TRADER,38 College Street,VERNON,7462
Mme,Caroline,Dubois,carolinedubois,dcba_zyjwv,2016-05-28T16:23:16.,ENGINEER,36 2nd Street,SPURGER,77660
Mme,Christiane,Mercier,christianemercier,edcba_zkxw,2016-10-18T10:39:38.,SALES,8 Poplar Street,ALLEN,57714
M.,Claude,Simon,claudesimon,fedcba_lyx,2005-03-27T15:58:41.,TRADER,9 Dogwood Street,FISHER,26818
M.,Didier,Vincent,didiervincent,gfedcbamzy,2005-02-12T14:03:57.,TRADER,24 Maple Street,PAHOA,96778
Mme,Danielle,Lefebvre,daniellelefebvre,hgfedcbn_z,2008-06-26T11:29:56.,SALES,18 Meadow Street,CORDELE,31010
Mme,Marcelle,Martin,marcellemartin,ihgfedcoa_,2008-09-17T15:15:07.,TRADER,8 Jefferson Street,KIRKWOOD,95646
M.,Thierry,Petit,thierrypetit,jihgfedpba,2012-05-24T13:09:20.,ENGINEER,12 First Street,WATERFORD WORKS,8089
M.,Jean-Pierre,Vincent,jean-pierrevincent,kjihgfeqcb,2019-03-14T13:53:57.,TRADER,50 Third Street,ECKELSON,58432
Mme,Isabelle,Martin,isabellemartin,lkjihgfrdc,2000-12-08T12:24:33.,TRADER,47 Dogwood Street,BEACH HAVEN,8008
M.,Marcel,Petit,marcelpetit,mlkjihgsed,2012-11-21T13:45:35.,TRADER,49 Church Street,MILLIS,2054
Mme,Christelle,Robert,christellerobert,nmlkjihtfe,2013-01-01T14:07:09.,TRADER,12 Miller Street,NEW SALEM,15468
M.,Rene,Mercier,renemercier,onmlkjiugf,2014-02-01T08:26:43.,SALES, ,,
Mme,Andree,Laurent,andreelaurent,ponmlkjvhg,2016-08-21T16:55:30.,TRADER,11 Park Street,MERRILL,51038
Mme,Isabelle,Laurent,isabellelaurent,qponmlkwih,2019-07-15T08:21:26.,SALES,38 First Street,ARGYLE,53504
M.,Didier,Morel,didiermorel,rqponmlxji,2003-10-19T11:33:49.,TRADER,13 Hill Street,GROTON,6340
M.,Pascal,Martin,pascalmartin,srqponmykj,2013-10-07T10:21:46.,ENGINEER,49 Highland Street,CHARLTON CITY,1508
M.,Thomas,Mercier,thomasmercier,tsrqponzlk,2004-11-08T15:26:44.,ENGINEER,44 10th Street,WETHERSFIELD,6129
M.,Alexandre,Martin,alexandremartin,utsrqpo0ml,2001-09-08T15:29:55.,SALES,50 Mill Street,NORTH BEND,97459
M.,Thierry,Garcia,thierrygarcia,vutsrqp1nm,2010-09-17T16:47:25.,ENGINEER, ,,
M.,Pierre,Dubois,pierredubois,wvutsrq2on,2008-10-03T13:13:25.,ENGINEER,17 Cherry Street,WESTBY,59275
Mme,Margeuerite,Michel,margeueritemichel,xwvutsr3po,2015-10-04T11:40:01.,ENGINEER,10 Wilson Street,PERRY,63462
Mme,Andree,Roux,andreeroux,yxwvuts4qp,2002-07-24T11:08:09.,TRADER,45 Spruce Street,WHITESBORO,76273
M.,Guy,Moreau,guymoreau,zyxwvut5rq,2016-01-27T16:34:29.,SALES, ,,
Mme,Laetitia,Richard,laetitiarichard,0zyxwvu6sr,2013-11-01T14:07:13.,SALES,27 First Street,FEATHER FALLS,95940
M.,Alain,Vincent,alainvincent,10zyxwv7ts,2002-08-19T11:50:53.,ENGINEER,21 2nd Street,LEICESTER,28748
M.,Vincent,Bertrand,vincentbertrand,210zyxw8ut,2006-01-28T11:04:02.,SALES,43 6th Street,WEST MEDFORD,2156
Mme,Caroline,Mercier,carolinemercier,3210zyx9vu,2015-01-25T11:09:30.,TRADER,30 Willow Street,DELAVAN,56023
Mme,Andree,Simon,andreesimon,43210zyawv,2018-09-22T10:47:23.,SALES,20 10th Street,KIRKSEY,42054
Mme,Jeanne,David,jeannedavid,543210zbxw,2003-04-11T16:12:06.,TRADER,34 Hickory Street,SCOTTSVILLE,24590
Mme,Marcelle,Martin,marcellemartin,6543210cyx,2012-01-28T13:35:22.,ENGINEER,10 Lakeview Street,JODIE,26674
Mme,Cecile,Robert,cecilerobert,7654321dzy,2009-11-30T14:04:45.,SALES, ,,
Mme,Brigitte,Leroy,brigitteleroy,8765432e0z,2010-07-31T15:12:35.,SALES,15 Hillcrest Street,RUTLEDGE,30663
M.,Patrick,Lefebvre,patricklefebvre,9876543g10,2011-03-07T16:49:57.,SALES,4 Johnson Street,WEBSTER,40176
M.,Christian,Martin,christianmartin,a987654h21,2011-11-09T16:59:53.,ENGINEER, ,,
Mme,Christine,Moreau,christinemoreau,ba98765i32,2011-07-05T16:57:20.,SALES,4 Locust Street,BORGER,79007
Mme,Catherine,Dubois,catherinedubois,cba9876j43,2002-05-23T09:01:50.,TRADER, ,,
M.,Marc,Richard,marcrichard,dcba987k54,2004-03-20T09:28:06.,ENGINEER,13 Main Street,LORRAINE,13659
M.,Dominique,Vincent,dominiquevincent,edcba98l65,2019-11-01T10:38:21.,SALES,49 Pine Street,BUFFALO,47925
Mme,Claire,Dubois,clairedubois,fedcba9m76,2015-08-26T12:47:12.,SALES,43 South Street,ELLISTON,59728
M.,Guy,Simon,guysimon,gfedcban87,2008-08-23T16:14:10.,TRADER,5 First Street,SUSQUEHANNA,18847
Mme,Nicole,Bernard,nicolebernard,hgfedcbo98,2012-11-16T14:55:55.,ENGINEER, ,,
Mme,Elisabeth,Robert,elisabethrobert,ihgfedcpa9,2009-02-24T08:42:45.,SALES, ,,
M.,Stephane,Bernard,stephanebernard,jihgfedqba,2003-05-31T13:08:39.,ENGINEER,12 Cedar Street,EMDEN,62635
Mme,Laurence,Bertrand,laurencebertrand,kjihgfercb,2017-09-09T14:55:56.,ENGINEER, ,,
M.,Jean,Richard,jeanrichard,lkjihgfsdc,2006-05-01T09:05:52.,ENGINEER,47 Maple Street,DECKER,59025
Mme,Elisabeth,Martin,elisabethmartin,mlkjihgted,2011-12-27T09:02:10.,ENGINEER,41 Birch Street,SWANLAKE,83281
M.,Pierre,Fournier,pierrefournier,nmlkjihufe,2015-07-31T08:47:04.,SALES,25 Mill Street,CYRIL,73029
M.,Louis,Bernard,louisbernard,onmlkjivgf,2014-02-24T12:47:18.,ENGINEER,7 1st Street,STONY POINT,28678
Mme,Jacqueline,Moreau,jacquelinemoreau,ponmlkjwhg,2014-06-22T13:18:03.,SALES,47 Sunset Street,SAMNORWOOD,79077
Mme,Brigitte,Petit,brigittepetit,qponmlkxih,2015-04-09T15:43:28.,SALES,20 Church Street,LEDGEWOOD,7852
M.,Paul,Michel,paulmichel,rqponmlyji,2017-08-25T16:08:26.,SALES,17 15th Street,JENERA,45841
M.,Thierry,Fournier,thierryfournier,srqponmzkj,2008-01-28T16:06:56.,ENGINEER, ,,
M.,Gerard,David,gerarddavid,tsrqpon_lk,2001-03-28T14:51:38.,SALES,5 Sunset Street,LAKE FORK,62541
Mme,Michele,Petit,michelepetit,utsrqpoaml,2012-04-13T09:45:55.,SALES,29 Hickory Street,PIPER CITY,60959
Mme,Dominique,Martin,dominiquemartin,vutsrqpbnm,2020-03-22T10:27:57.,SALES,15 Pine Street,BUD,24716
Mme,Christine,Bernard,christinebernard,wvutsrqcon,2005-02-06T12:30:52.,SALES,9 Madison Street,RIO LINDA,95673
M.,Thierry,Dubois,thierrydubois,xwvutsrdpo,2006-02-21T15:55:28.,TRADER, ,,
M.,Henri,Michel,henrimichel,yxwvutseqp,2013-05-08T08:10:55.,TRADER,8 3rd Street,AMBOY,92304
Mme,Michele,Petit,michelepetit,zyxwvutfrq,2009-12-10T08:44:22.,TRADER,11 Maple Street,CALUMET,73014
Mme,Dominique,Martin,dominiquemartin,_zyxwvugsr,2006-03-18T12:51:56.,TRADER,18 River Street,MILAN,48160
M.,Paul,Robert,paulrobert,a_zyxwvhts,2008-04-30T16:53:45.,TRADER, ,,
Mme,Natalie,Mercier,nataliemercier,ba_zyxwiut,2013-11-11T13:41:34.,TRADER, ,,
Mme,Marie,Michel,mariemichel,cba_zyxjvu,2012-01-07T09:13:53.,SALES,8 Washington Street,GORHAM,14461
Mme,Michele,Moreau,michelemoreau,dcba_zykwv,2020-03-17T11:58:21.,SALES,28 Maple Street,NEIHART,59465
Mme,Corinne,Morel,corinnemorel,edcba_zlxw,2004-12-09T08:14:16.,SALES,14 Jackson Street,TOWANDA,18848
Mme,Audrey,Girard,audreygirard,fedcba_myx,2008-07-11T10:48:38.,ENGINEER,39 2nd Street,MC WILLIAMS,36753
M.,Maurice,Lefèvre,mauricelefèvre,gfedcbanzy,2001-11-19T10:38:04.,ENGINEER,9 Main Street,NORTHPORT,11768
M.,Marc,Martin,marcmartin,hgfedcbo_z,2019-08-05T10:27:23.,ENGINEER,44 7th Street,TRYON,69167
Mme,Corinne,Martin,corinnemartin,ihgfedcpa_,2015-12-01T08:27:18.,TRADER,36 Oak Street,EAST NASSAU,12062
M.,Marcel,Martin,marcelmartin,jihgfedqba,2007-07-26T10:47:09.,ENGINEER,50 Fourth Street,AMHERST JUNCTION,54407
Mme,Marie,Bertrand,mariebertrand,kjihgfercb,2004-08-11T10:58:48.,SALES,18 Elm Street,LONG BEACH,39560
Mme,Annie,Martin,anniemartin,lkjihgfsdc,2015-08-13T10:15:10.,ENGINEER,6 Meadow Street,GREENE,2827
M.,Olivier,Bertrand,olivierbertrand,mlkjihgted,2015-03-07T09:49:16.,TRADER,2 Railroad Street,CHEYENNE,82003
M.,Pierre,Robert,pierrerobert,nmlkjihufe,2017-11-08T09:30:03.,SALES,14 River Street,DIAMOND SPRINGS,95619
M.,Nicolas,André,nicolasandré,onmlkjivgf,2020-06-12T09:44:05.,SALES,10 Hillcrest Street,MAJESTIC,41547
Mme,Paulette,Robert,pauletterobert,ponmlkjwhg,2013-04-27T15:44:52.,ENGINEER,41 Franklin Street,ALICIA,72410
M.,Paul,David,pauldavid,qponmlkxih,2012-11-11T15:36:44.,ENGINEER,2 Spruce Street,SALINE,71070
M.,Didier,Dubois,didierdubois,rqponmlyji,2004-07-09T11:25:36.,TRADER, ,,
Mme,Margeuerite,Bertrand,margeueritebertrand,srqponmzkj,2008-09-17T10:32:06.,SALES, ,,
Mme,Paulette,Vincent,paulettevincent,tsrqpon0lk,2011-09-08T16:31:20.,SALES, ,,
Mme,Dominique,Simon,dominiquesimon,utsrqpo1ml,2005-02-25T13:16:01.,TRADER, ,,
Mme,Natalie,Moreau,nataliemoreau,vutsrqp2nm,2011-01-11T15:27:16.,ENGINEER, ,,
M.,Vincent,Moreau,vincentmoreau,wvutsrq3on,2008-10-30T13:53:22.,SALES,34 Cedar Street,LAKE MC DONALD,59921
Mme,Helene,Leroy,heleneleroy,xwvutsr4po,2012-05-22T15:02:58.,ENGINEER, ,,
M.,Francois,Leroy,francoisleroy,yxwvuts5qp,2000-03-02T16:22:40.,TRADER, ,,
M.,Louis,Lefèvre,louislefèvre,zyxwvut6rq,2010-08-21T08:11:24.,TRADER, ,,
M.,Marcel,Fournier,marcelfournier,0zyxwvu7sr,2019-05-15T12:12:16.,SALES,41 Cherry Street,GREELEY,52050
Mme,Nicole,Bertrand,nicolebertrand,10zyxwv8ts,2016-08-23T13:10:39.,TRADER, ,,
Mme,Colette,Petit,colettepetit,210zyxw9ut,2001-03-13T11:54:53.,ENGINEER,30 12th Street,MC CLURE,43534
Mme,Martine,Thomas,martinethomas,3210zyxavu,2009-01-08T09:57:32.,ENGINEER,15 Poplar Street,LAKE GENEVA,53147
Mme,Andree,Lefebvre,andreelefebvre,43210zybwv,2012-10-12T14:02:16.,TRADER,33 Lincoln Street,BEJOU,56516
Mme,Patricia,Thomas,patriciathomas,543210zcxw,2012-10-28T09:32:47.,ENGINEER, ,,
Mme,Isabelle,Thomas,isabellethomas,6543210dyx,2003-06-18T14:11:36.,ENGINEER, ,,
Mme,Christiane,Simon,christianesimon,7654321ezy,2014-09-10T10:14:13.,TRADER,34 Lee Street,RANTOUL,66079
Mme,Genevieve,Girard,genevievegirard,8765432f0z,2009-04-22T13:46:19.,TRADER,7 Johnson Street,TRENTON,30752
Mme,Annie,Dubois,anniedubois,9876543h10,2004-09-16T09:38:29.,TRADER,38 4th Street,MOKANE,65059
Mme,Christelle,Richard,christellerichard,a987654i21,2020-10-22T11:04:37.,ENGINEER,36 11th Street,CONLEY,30288
M.,Patrick,Martin,patrickmartin,ba98765j32,2007-02-04T11:40:46.,TRADER,5 Lee Street,NAZARETH,40048
M.,Guy,Bertrand,guybertrand,cba9876k43,2000-11-18T14:36:40.,TRADER,18 Madison Street,BARNSDALL,74002
M.,Bruno,Roux,brunoroux,dcba987l54,2015-11-06T15:28:05.,SALES,29 South Street,HAWK RUN,16840
M.,Francois,Roux,francoisroux,edcba98m65,2012-06-04T08:15:57.,SALES,12 10th Street,CRAWFORD,39743
M.,David,Laurent,davidlaurent,fedcba9n76,2007-11-27T13:51:49.,SALES,19 Davis Street,CHATSWORTH,30705
Mme,Isabelle,Bernard,isabellebernard,gfedcbao87,2013-09-06T14:27:18.,SALES,34 Williams Street,HONORAVILLE,36042
Mme,Elisabeth,Martin,elisabethmartin,hgfedcbp98,2002-07-13T09:03:08.,SALES,41 West Street,REPRESA,95671
M.,Gerard,Durand,gerarddurand,ihgfedcqa9,2003-06-04T11:29:42.,ENGINEER,5 Church Street,LAKOTA,50451
Mme,Emilie,David,emiliedavid,jihgfedrba,2001-10-12T09:07:28.,ENGINEER, ,,
Mme,Brigitte,Moreau,brigittemoreau,kjihgfescb,2011-07-26T15:27:29.,SALES, ,,
M.,Didier,Vincent,didiervincent,lkjihgftdc,2000-05-23T10:03:45.,SALES,11 2nd Street,ARCADIA,54612
M.,Vincent,Lefebvre,vincentlefebvre,mlkjihgued,2015-08-25T16:50:01.,SALES,17 Ridge Street,SAN DIMAS,91773
M.,Thomas,Lefebvre,thomaslefebvre,nmlkjihvfe,2019-11-12T16:46:00.,ENGINEER,27 Ash Street,GILCHRIST,77617
Mme,Jacqueline,Bernard,jacquelinebernard,onmlkjiwgf,2004-08-19T11:16:57.,TRADER,24 Mill Street,MILL NECK,11765
Mme,Michele,Michel,michelemichel,ponmlkjxhg,2014-04-08T12:21:47.,ENGINEER,12 Spring Street,LA VETA,81055
M.,Andre,Durand,andredurand,qponmlkyih,2020-02-06T09:25:21.,SALES,11 Cedar Street,FORT LEONARD WOOD,65473
Mme,Laurence,Durand,laurencedurand,rqponmlzji,2013-03-25T14:14:10.,TRADER,43 Lake Street,SIERRA BLANCA,79851
M.,Marcel,Thomas,marcelthomas,srqponm_kj,2020-10-26T15:32:06.,TRADER,11 East Street,PARKERS PRAIRIE,56361
M.,Maurice,Martin,mauricemartin,tsrqponalk,2019-07-17T08:20:31.,TRADER, ,,
M.,Paul,Petit,paulpetit,utsrqpobml,2020-11-10T15:19:31.,ENGINEER, ,,
M.,Andre,Vincent,andrevincent,vutsrqpcnm,2018-05-23T13:12:07.,TRADER, ,,
Mme,Claudine,Laurent,claudinelaurent,wvutsrqdon,2011-03-17T10:58:28.,SALES, ,,
M.,Jean-Pierre,Roux,jean-pierreroux,xwvutsrepo,2020-07-06T09:44:46.,SALES,38 1st Street,WILLISTON,43468
M.,Roger,André,rogerandré,yxwvutsfqp,2020-08-18T14:52:11.,ENGINEER, ,,
Mme,Colette,Fournier,colettefournier,zyxwvutgrq,2001-05-13T08:30:13.,SALES,19 Ash Street,MAYSFIELD,76555
Mme,Claire,Durand,clairedurand,_zyxwvuhsr,2004-03-26T13:41:00.,ENGINEER,13 Railroad Street,FRIENDSVILLE,37737
M.,Maurice,Thomas,mauricethomas,a_zyxwvits,2010-03-10T14:47:05.,TRADER,36 3rd Street,BLOSSBURG,16912
M.,Claude,Richard,clauderichard,ba_zyxwjut,2010-11-24T14:56:38.,ENGINEER, ,,
M.,Patrick,Vincent,patrickvincent,cba_zyxkvu,2009-10-08T13:37:28.,TRADER,45 14th Street,CAROLINA,2812
Mme,Audrey,Fournier,audreyfournier,dcba_zylwv,2001-04-03T14:39:56.,ENGINEER,17 Fourth Street,HOMELAND,92548
Mme,Paulette,Vincent,paulettevincent,edcba_zmxw,2000-08-03T16:28:48.,SALES,40 8th Street,CORNELIA,30531
Mme,Corinne,Leroy,corinneleroy,fedcba_nyx,2005-07-26T13:05:08.,SALES,44 Park Street,RAVENNA,40472
Mme,Claudine,Robert,claudinerobert,gfedcbaozy,2013-01-01T10:46:29.,TRADER,24 7th Street,BEULAH,82712
Mme,Emilie,Lefèvre,emilielefèvre,hgfedcbp_z,2018-10-12T08:19:23.,SALES, ,,
Mme,Laurence,Leroy,laurenceleroy,ihgfedcqa_,2002-07-14T15:09:30.,SALES,6 Elm Street,GARRISON,56450
Mme,Martine,Leroy,martineleroy,jihgfedrba,2019-05-24T15:36:21.,SALES,3 Lincoln Street,THURSTON,68062
Mme,Cecile,Dubois,ceciledubois,kjihgfescb,2018-05-28T10:47:55.,SALES,4 Cherry Street,COLLIERVILLE,38017
M.,Daniel,Morel,danielmorel,lkjihgftdc,2017-10-30T14:29:33.,TRADER, ,,
M.,Serge,Michel,sergemichel,mlkjihgued,2019-06-20T14:57:00.,TRADER,36 Ridge Street,PEMBERVILLE,43450
M.,Rene,Robert,renerobert,nmlkjihvfe,2010-03-20T10:03:14.,ENGINEER,39 Maple Street,MATHER,54641
M.,David,Robert,davidrobert,onmlkjiwgf,2003-01-03T13:58:30.,TRADER,28 Lincoln Street,BURDICK,66838
Mme,Danielle,Robert,daniellerobert,ponmlkjxhg,2019-01-04T14:13:11.,TRADER,32 Madison Street,CLINTON,39056
Mme,Josette,Robert,josetterobert,qponmlkyih,2010-02-15T13:18:31.,SALES,7 2nd Street,BLUE RIVER,97413
M.,Marc,Martin,marcmartin,rqponmlzji,2009-04-12T14:45:25.,TRADER,37 Pine Street,HUNLOCK CREEK,18621
Mme,Jeanne,Dubois,jeannedubois,srqponm0kj,2011-02-26T10:12:42.,SALES,34 Spring Street,TEN SLEEP,82442
Mme,Caroline,Roux,carolineroux,tsrqpon1lk,2007-07-20T09:58:16.,TRADER,40 Cedar Street,STAPLETON,30823
M.,Daniel,Martin,danielmartin,utsrqpo2ml,2014-08-07T13:19:40.,SALES, ,,
Mme,Renee,Petit,reneepetit,vutsrqp3nm,2017-04-08T16:41:32.,TRADER,33 Spring Street,MONTMORENCI,29839
M.,Jacques,Leroy,jacquesleroy,wvutsrq4on,2015-12-17T09:15:55.,SALES,11 4th Street,BULPITT,62517
M.,Vincent,Martin,vincentmartin,xwvutsr5po,2014-10-07T16:02:08.,SALES,28 Sycamore Street,SPRINGVILLE,14141
Mme,Jeannine,Leroy,jeannineleroy,yxwvuts6qp,2019-01-21T10:14:11.,SALES, ,,
Mme,Andree,Garcia,andreegarcia,zyxwvut7rq,2012-06-25T15:20:06.,TRADER,27 Woodland Street,SHERIDAN,60551
M.,Sebastien,Moreau,sebastienmoreau,0zyxwvu8sr,2015-09-29T16:44:10.,SALES,5 Williams Street,PITKIN,70656